ID,air_genre_name,air_area_name,latitude,longitude
"restaurant_ 1",Italian/French,"Hyōgo-ken Kōbe-shi Kumoidōri",34.6951242,135.1978525
"restaurant_ 2",Italian/French,"Hyōgo-ken Kōbe-shi Kumoidōri",34.6951242,135.1978525
"restaurant_ 3",Italian/French,"Hyōgo-ken Kōbe-shi Kumoidōri",34.6951242,135.1978525
"restaurant_ 4",Italian/French,"Hyōgo-ken Kōbe-shi Kumoidōri",34.6951242,135.1978525
"restaurant_ 5",Italian/French,"Tōkyō-to Minato-ku Shibakōen",35.6580681,139.7515992
"restaurant_ 6",Italian/French,"Tōkyō-to Minato-ku Shibakōen",35.6580681,139.7515992
"restaurant_ 7",Italian/French,"Tōkyō-to Minato-ku Shibakōen",35.6580681,139.7515992
"restaurant_ 8",Italian/French,"Tōkyō-to Minato-ku Shibakōen",35.6580681,139.7515992
"restaurant_ 9",Italian/French,"Tōkyō-to Minato-ku Shibakōen",35.6580681,139.7515992
"restaurant_ 10",Italian/French,"Tōkyō-to Minato-ku Shibakōen",35.6580681,139.7515992
"restaurant_ 11",Italian/French,"Tōkyō-to Minato-ku Shibakōen",35.6580681,139.7515992
"restaurant_ 12",Italian/French,"Tōkyō-to Minato-ku Shibakōen",35.6580681,139.7515992
"restaurant_ 13",Italian/French,"Tōkyō-to Minato-ku Shibakōen",35.6580681,139.7515992
"restaurant_ 14",Italian/French,"Tōkyō-to Minato-ku Shibakōen",35.6580681,139.7515992
"restaurant_ 15",Italian/French,"Tōkyō-to Minato-ku Shibakōen",35.6580681,139.7515992
"restaurant_ 16",Italian/French,"Tōkyō-to Minato-ku Shibakōen",35.6580681,139.7515992
"restaurant_ 17",Italian/French,"Tōkyō-to Minato-ku Shibakōen",35.6580681,139.7515992
"restaurant_ 18",Italian/French,"Fukuoka-ken Fukuoka-shi Daimyō",33.5892157,130.3928134
"restaurant_ 19",Italian/French,"Fukuoka-ken Fukuoka-shi Daimyō",33.5892157,130.3928134
"restaurant_ 20",Italian/French,"Fukuoka-ken Fukuoka-shi Daimyō",33.5892157,130.3928134
"restaurant_ 21",Italian/French,"Fukuoka-ken Fukuoka-shi Daimyō",33.5892157,130.3928134
"restaurant_ 22",Italian/French,"Fukuoka-ken Fukuoka-shi Daimyō",33.5892157,130.3928134
"restaurant_ 23",Italian/French,"Fukuoka-ken Fukuoka-shi Daimyō",33.5892157,130.3928134
"restaurant_ 24",Italian/French,"Fukuoka-ken Fukuoka-shi Daimyō",33.5892157,130.3928134
"restaurant_ 25",Italian/French,"Fukuoka-ken Fukuoka-shi Daimyō",33.5892157,130.3928134
"restaurant_ 26",Italian/French,"Fukuoka-ken Fukuoka-shi Daimyō",33.5892157,130.3928134
"restaurant_ 27",Italian/French,"Tōkyō-to Setagaya-ku Setagaya",35.6465721,139.6532473
"restaurant_ 28",Italian/French,"Tōkyō-to Setagaya-ku Setagaya",35.6465721,139.6532473
"restaurant_ 29",Italian/French,"Tōkyō-to Setagaya-ku Setagaya",35.6465721,139.6532473
"restaurant_ 30",Italian/French,"Tōkyō-to Setagaya-ku Setagaya",35.6465721,139.6532473
"restaurant_ 31",Italian/French,"Ōsaka-fu Ōsaka-shi Ōgimachi",34.7053617,135.5100252
"restaurant_ 32",Italian/French,"Ōsaka-fu Ōsaka-shi Ōgimachi",34.7053617,135.5100252
"restaurant_ 33",Italian/French,"Tōkyō-to Shibuya-ku Shibuya",35.6617773,139.7040506
"restaurant_ 34",Italian/French,"Tōkyō-to Shibuya-ku Shibuya",35.6617773,139.7040506
"restaurant_ 35",Italian/French,"Tōkyō-to Shibuya-ku Shibuya",35.6617773,139.7040506
"restaurant_ 36",Italian/French,"Tōkyō-to Shibuya-ku Shibuya",35.6617773,139.7040506
"restaurant_ 37",Italian/French,"Tōkyō-to Shibuya-ku Shibuya",35.6617773,139.7040506
"restaurant_ 38",Italian/French,"Tōkyō-to Shibuya-ku Shibuya",35.6617773,139.7040506
"restaurant_ 39",Italian/French,"Tōkyō-to Shibuya-ku Shibuya",35.6617773,139.7040506
"restaurant_ 40",Italian/French,"Tōkyō-to Shibuya-ku Shibuya",35.6617773,139.7040506
"restaurant_ 41",Italian/French,"Tōkyō-to Shibuya-ku Shibuya",35.6617773,139.7040506
"restaurant_ 42",Italian/French,"Tōkyō-to Suginami-ku Asagayaminami",35.6995657,139.6364379
"restaurant_ 43",Italian/French,"Tōkyō-to Suginami-ku Asagayaminami",35.6995657,139.6364379
"restaurant_ 44",Italian/French,"Hiroshima-ken Hiroshima-shi Kokutaijimachi",34.3862445,132.4550176
"restaurant_ 45",Italian/French,"Hiroshima-ken Hiroshima-shi Kokutaijimachi",34.3862445,132.4550176
"restaurant_ 46",Italian/French,"Tōkyō-to Chūō-ku Ginza",35.6721142,139.7708253
"restaurant_ 47",Italian/French,"Tōkyō-to Chūō-ku Ginza",35.6721142,139.7708253
"restaurant_ 48",Italian/French,"Tōkyō-to Chūō-ku Ginza",35.6721142,139.7708253
"restaurant_ 49",Italian/French,"Tōkyō-to Chūō-ku Ginza",35.6721142,139.7708253
"restaurant_ 50",Italian/French,"Tōkyō-to Shinjuku-ku Kabukichō",35.6938401,139.7035494
"restaurant_ 51",Italian/French,"Tōkyō-to Shinjuku-ku Kabukichō",35.6938401,139.7035494
"restaurant_ 52",Italian/French,"Tōkyō-to Shinjuku-ku Kabukichō",35.6938401,139.7035494
"restaurant_ 53",Italian/French,"Tōkyō-to Shinjuku-ku Kabukichō",35.6938401,139.7035494
"restaurant_ 54",Italian/French,"Tōkyō-to Shinjuku-ku Kabukichō",35.6938401,139.7035494
"restaurant_ 55",Italian/French,"Tōkyō-to Shinjuku-ku Kabukichō",35.6938401,139.7035494
"restaurant_ 56",Italian/French,"Tōkyō-to Meguro-ku Kamimeguro",35.6414629,139.6981712
"restaurant_ 57",Italian/French,"Tōkyō-to Meguro-ku Kamimeguro",35.6414629,139.6981712
"restaurant_ 58",Italian/French,"Tōkyō-to Meguro-ku Kamimeguro",35.6414629,139.6981712
"restaurant_ 59",Italian/French,"Tōkyō-to Meguro-ku Kamimeguro",35.6414629,139.6981712
"restaurant_ 60",Italian/French,"Ōsaka-fu Suita-shi Izumichō",34.7594526,135.51686
"restaurant_ 61",Italian/French,"Ōsaka-fu Suita-shi Izumichō",34.7594526,135.51686
"restaurant_ 62",Italian/French,"Tōkyō-to Tachikawa-shi Izumichō",35.7140142,139.4078431
"restaurant_ 63",Italian/French,"Tōkyō-to Tachikawa-shi Izumichō",35.7140142,139.4078431
"restaurant_ 64",Italian/French,"Tōkyō-to Tachikawa-shi Izumichō",35.7140142,139.4078431
"restaurant_ 65",Italian/French,"Fukuoka-ken Fukuoka-shi Hakata Ekimae",33.5913576,130.4148783
"restaurant_ 66",Italian/French,"Fukuoka-ken Fukuoka-shi Hakata Ekimae",33.5913576,130.4148783
"restaurant_ 67",Italian/French,"Shizuoka-ken Hamamatsu-shi Motoshirochō",34.7108955,137.7259397
"restaurant_ 68",Italian/French,"Shizuoka-ken Hamamatsu-shi Motoshirochō",34.7108955,137.7259397
"restaurant_ 69",Italian/French,"Hokkaidō Sapporo-shi Minami 3 Jōnishi",43.0554601,141.3409556
"restaurant_ 70",Italian/French,"Hokkaidō Sapporo-shi Minami 3 Jōnishi",43.0554601,141.3409556
"restaurant_ 71",Italian/French,"Tōkyō-to Minato-ku Akasaka",35.6749184,139.736775
"restaurant_ 72",Italian/French,"Tōkyō-to Minato-ku Akasaka",35.6749184,139.736775
"restaurant_ 73",Italian/French,"Tōkyō-to Chūō-ku Tsukiji",35.6706505,139.7718614
"restaurant_ 74",Italian/French,"Tōkyō-to Chūō-ku Tsukiji",35.6706505,139.7718614
"restaurant_ 75",Italian/French,"Tōkyō-to Chūō-ku Tsukiji",35.6706505,139.7718614
"restaurant_ 76",Italian/French,"Tōkyō-to Chūō-ku Tsukiji",35.6706505,139.7718614
"restaurant_ 77",Italian/French,"Tōkyō-to Chūō-ku Tsukiji",35.6706505,139.7718614
"restaurant_ 78",Italian/French,"Tōkyō-to Chūō-ku Tsukiji",35.6706505,139.7718614
"restaurant_ 79",Italian/French,"Tōkyō-to Chūō-ku Tsukiji",35.6706505,139.7718614
"restaurant_ 80",Italian/French,"Tōkyō-to Chūō-ku Tsukiji",35.6706505,139.7718614
"restaurant_ 81",Italian/French,"Tōkyō-to Chūō-ku Tsukiji",35.6706505,139.7718614
"restaurant_ 82",Italian/French,"Tōkyō-to Chūō-ku Tsukiji",35.6706505,139.7718614
"restaurant_ 83",Italian/French,"Hyōgo-ken Kakogawa-shi Kakogawachō Kitazaike",34.7569503,134.8411775
"restaurant_ 84",Italian/French,"Hyōgo-ken Kakogawa-shi Kakogawachō Kitazaike",34.7569503,134.8411775
"restaurant_ 85",Italian/French,"Tōkyō-to Chiyoda-ku Kudanminami",35.6940027,139.7535951
"restaurant_ 86",Italian/French,"Tōkyō-to Chiyoda-ku Kudanminami",35.6940027,139.7535951
"restaurant_ 87",Italian/French,"Tōkyō-to Chiyoda-ku Kudanminami",35.6940027,139.7535951
"restaurant_ 88",Italian/French,"Tōkyō-to Chiyoda-ku Kudanminami",35.6940027,139.7535951
"restaurant_ 89",Italian/French,"Ōsaka-fu Ōsaka-shi Kyūtarōmachi",34.6812614,135.5098009
"restaurant_ 90",Italian/French,"Ōsaka-fu Ōsaka-shi Kyūtarōmachi",34.6812614,135.5098009
"restaurant_ 91",Italian/French,"Ōsaka-fu Ōsaka-shi Kyūtarōmachi",34.6812614,135.5098009
"restaurant_ 92",Italian/French,"Ōsaka-fu Ōsaka-shi Kyūtarōmachi",34.6812614,135.5098009
"restaurant_ 93",Italian/French,"Ōsaka-fu Ōsaka-shi Kyūtarōmachi",34.6812614,135.5098009
"restaurant_ 94",Italian/French,"Ōsaka-fu Ōsaka-shi Kyūtarōmachi",34.6812614,135.5098009
"restaurant_ 95",Italian/French,"Ōsaka-fu Ōsaka-shi Kyūtarōmachi",34.6812614,135.5098009
"restaurant_ 96",Italian/French,"Tōkyō-to Ōta-ku Kamiikedai",35.602201,139.6976891
"restaurant_ 97",Italian/French,"Tōkyō-to Ōta-ku Kamiikedai",35.602201,139.6976891
"restaurant_ 98",Italian/French,"Hyōgo-ken Nishinomiya-shi Rokutanjichō",34.7375965,135.3415643
"restaurant_ 99",Italian/French,"Hyōgo-ken Nishinomiya-shi Rokutanjichō",34.7375965,135.3415643
"restaurant_ 100",Italian/French,"Hyōgo-ken Nishinomiya-shi Rokutanjichō",34.7375965,135.3415643
"restaurant_ 101",Italian/French,"Tōkyō-to Meguro-ku Takaban",35.629564,139.6849922
"restaurant_ 102",Italian/French,"Tōkyō-to Meguro-ku Takaban",35.629564,139.6849922
"restaurant_ 103","Dining bar","Hyōgo-ken Kōbe-shi Kumoidōri",34.6951242,135.1978525
"restaurant_ 104","Dining bar","Hyōgo-ken Kōbe-shi Kumoidōri",34.6951242,135.1978525
"restaurant_ 105","Dining bar","Hyōgo-ken Kōbe-shi Kumoidōri",34.6951242,135.1978525
"restaurant_ 106","Dining bar","Hyōgo-ken Kōbe-shi Kumoidōri",34.6951242,135.1978525
"restaurant_ 107","Dining bar","Tōkyō-to Minato-ku Shibakōen",35.6580681,139.7515992
"restaurant_ 108","Dining bar","Tōkyō-to Minato-ku Shibakōen",35.6580681,139.7515992
"restaurant_ 109","Dining bar","Tōkyō-to Minato-ku Shibakōen",35.6580681,139.7515992
"restaurant_ 110","Dining bar","Tōkyō-to Minato-ku Shibakōen",35.6580681,139.7515992
"restaurant_ 111","Dining bar","Tōkyō-to Minato-ku Shibakōen",35.6580681,139.7515992
"restaurant_ 112","Dining bar","Tōkyō-to Minato-ku Shibakōen",35.6580681,139.7515992
"restaurant_ 113","Dining bar","Tōkyō-to Minato-ku Shibakōen",35.6580681,139.7515992
"restaurant_ 114","Dining bar","Tōkyō-to Minato-ku Shibakōen",35.6580681,139.7515992
"restaurant_ 115","Dining bar","Fukuoka-ken Fukuoka-shi Daimyō",33.5892157,130.3928134
"restaurant_ 116","Dining bar","Fukuoka-ken Fukuoka-shi Daimyō",33.5892157,130.3928134
"restaurant_ 117","Dining bar","Fukuoka-ken Fukuoka-shi Daimyō",33.5892157,130.3928134
"restaurant_ 118","Dining bar","Fukuoka-ken Fukuoka-shi Daimyō",33.5892157,130.3928134
"restaurant_ 119","Dining bar","Fukuoka-ken Fukuoka-shi Daimyō",33.5892157,130.3928134
"restaurant_ 120","Dining bar","Tōkyō-to Setagaya-ku Setagaya",35.6465721,139.6532473
"restaurant_ 121","Dining bar","Tōkyō-to Setagaya-ku Setagaya",35.6465721,139.6532473
"restaurant_ 122","Dining bar","Tōkyō-to Setagaya-ku Setagaya",35.6465721,139.6532473
"restaurant_ 123","Dining bar","Tōkyō-to Setagaya-ku Setagaya",35.6465721,139.6532473
"restaurant_ 124","Dining bar","Hokkaidō Asahikawa-shi 6 Jōdōri",43.7706355,142.364819
"restaurant_ 125","Dining bar","Hokkaidō Asahikawa-shi 6 Jōdōri",43.7706355,142.364819
"restaurant_ 126","Dining bar","Hokkaidō Asahikawa-shi 6 Jōdōri",43.7706355,142.364819
"restaurant_ 127","Dining bar","Tōkyō-to Adachi-ku Chūōhonchō",35.7756644,139.8044788
"restaurant_ 128","Dining bar","Tōkyō-to Adachi-ku Chūōhonchō",35.7756644,139.8044788
"restaurant_ 129","Dining bar","Ōsaka-fu Ōsaka-shi Ōgimachi",34.7053617,135.5100252
"restaurant_ 130","Dining bar","Ōsaka-fu Ōsaka-shi Ōgimachi",34.7053617,135.5100252
"restaurant_ 131","Dining bar","Ōsaka-fu Ōsaka-shi Ōgimachi",34.7053617,135.5100252
"restaurant_ 132","Dining bar","Ōsaka-fu Ōsaka-shi Ōgimachi",34.7053617,135.5100252
"restaurant_ 133","Dining bar","Ōsaka-fu Ōsaka-shi Ōgimachi",34.7053617,135.5100252
"restaurant_ 134","Dining bar","Ōsaka-fu Ōsaka-shi Ōgimachi",34.7053617,135.5100252
"restaurant_ 135","Dining bar","Ōsaka-fu Ōsaka-shi Ōgimachi",34.7053617,135.5100252
"restaurant_ 136","Dining bar","Tōkyō-to Shibuya-ku Shibuya",35.6617773,139.7040506
"restaurant_ 137","Dining bar","Tōkyō-to Shibuya-ku Shibuya",35.6617773,139.7040506
"restaurant_ 138","Dining bar","Tōkyō-to Shibuya-ku Shibuya",35.6617773,139.7040506
"restaurant_ 139","Dining bar","Tōkyō-to Shibuya-ku Shibuya",35.6617773,139.7040506
"restaurant_ 140","Dining bar","Tōkyō-to Shibuya-ku Shibuya",35.6617773,139.7040506
"restaurant_ 141","Dining bar","Tōkyō-to Shibuya-ku Shibuya",35.6617773,139.7040506
"restaurant_ 142","Dining bar","Tōkyō-to Shibuya-ku Shibuya",35.6617773,139.7040506
"restaurant_ 143","Dining bar","Tōkyō-to Shibuya-ku Shibuya",35.6617773,139.7040506
"restaurant_ 144","Dining bar","Tōkyō-to Shibuya-ku Shibuya",35.6617773,139.7040506
"restaurant_ 145","Dining bar","Tōkyō-to Suginami-ku Asagayaminami",35.6995657,139.6364379
"restaurant_ 146","Dining bar","Tōkyō-to Suginami-ku Asagayaminami",35.6995657,139.6364379
"restaurant_ 147","Dining bar","Hiroshima-ken Hiroshima-shi Kokutaijimachi",34.3862445,132.4550176
"restaurant_ 148","Dining bar","Hiroshima-ken Hiroshima-shi Kokutaijimachi",34.3862445,132.4550176
"restaurant_ 149","Dining bar","Tōkyō-to Shinjuku-ku Kabukichō",35.6938401,139.7035494
"restaurant_ 150","Dining bar","Tōkyō-to Shinjuku-ku Kabukichō",35.6938401,139.7035494
"restaurant_ 151","Dining bar","Tōkyō-to Shinjuku-ku Kabukichō",35.6938401,139.7035494
"restaurant_ 152","Dining bar","Tōkyō-to Shinjuku-ku Kabukichō",35.6938401,139.7035494
"restaurant_ 153","Dining bar","Tōkyō-to Shinjuku-ku Kabukichō",35.6938401,139.7035494
"restaurant_ 154","Dining bar","Tōkyō-to Shinjuku-ku Kabukichō",35.6938401,139.7035494
"restaurant_ 155","Dining bar","Tōkyō-to Shinjuku-ku Kabukichō",35.6938401,139.7035494
"restaurant_ 156","Dining bar","Tōkyō-to Shinjuku-ku Kabukichō",35.6938401,139.7035494
"restaurant_ 157","Dining bar","Tōkyō-to Shinjuku-ku Kabukichō",35.6938401,139.7035494
"restaurant_ 158","Dining bar","Tōkyō-to Meguro-ku Kamimeguro",35.6414629,139.6981712
"restaurant_ 159","Dining bar","Tōkyō-to Meguro-ku Kamimeguro",35.6414629,139.6981712
"restaurant_ 160","Dining bar","Tōkyō-to Meguro-ku Kamimeguro",35.6414629,139.6981712
"restaurant_ 161","Dining bar","Tōkyō-to Meguro-ku Kamimeguro",35.6414629,139.6981712
"restaurant_ 162","Dining bar","Tōkyō-to Meguro-ku Kamimeguro",35.6414629,139.6981712
"restaurant_ 163","Dining bar","Tōkyō-to Meguro-ku Kamimeguro",35.6414629,139.6981712
"restaurant_ 164","Dining bar","Tōkyō-to Meguro-ku Kamimeguro",35.6414629,139.6981712
"restaurant_ 165","Dining bar","Ōsaka-fu Ōsaka-shi Shinmachi",34.6762311,135.4860587
"restaurant_ 166","Dining bar","Ōsaka-fu Ōsaka-shi Shinmachi",34.6762311,135.4860587
"restaurant_ 167","Dining bar","Ōsaka-fu Ōsaka-shi Shinmachi",34.6762311,135.4860587
"restaurant_ 168","Dining bar","Tōkyō-to Tachikawa-shi Izumichō",35.7140142,139.4078431
"restaurant_ 169","Dining bar","Tōkyō-to Tachikawa-shi Izumichō",35.7140142,139.4078431
"restaurant_ 170","Dining bar","Tōkyō-to Tachikawa-shi Izumichō",35.7140142,139.4078431
"restaurant_ 171","Dining bar","Shizuoka-ken Hamamatsu-shi Motoshirochō",34.7108955,137.7259397
"restaurant_ 172","Dining bar","Shizuoka-ken Hamamatsu-shi Motoshirochō",34.7108955,137.7259397
"restaurant_ 173","Dining bar","Shizuoka-ken Hamamatsu-shi Motoshirochō",34.7108955,137.7259397
"restaurant_ 174","Dining bar","Fukuoka-ken Kurume-shi Jōnanmachi",33.3192865,130.5083735
"restaurant_ 175","Dining bar","Fukuoka-ken Kurume-shi Jōnanmachi",33.3192865,130.5083735
"restaurant_ 176","Dining bar","Fukuoka-ken Kurume-shi Jōnanmachi",33.3192865,130.5083735
"restaurant_ 177","Dining bar","Miyagi-ken Sendai-shi Kamisugi",38.2690761,140.8704029
"restaurant_ 178","Dining bar","Miyagi-ken Sendai-shi Kamisugi",38.2690761,140.8704029
"restaurant_ 179","Dining bar","Miyagi-ken Sendai-shi Kamisugi",38.2690761,140.8704029
"restaurant_ 180","Dining bar","Tōkyō-to Machida-shi Morino",35.546631,139.4386186
"restaurant_ 181","Dining bar","Tōkyō-to Machida-shi Morino",35.546631,139.4386186
"restaurant_ 182","Dining bar","Tōkyō-to Machida-shi Morino",35.546631,139.4386186
"restaurant_ 183","Dining bar","Tōkyō-to Machida-shi Morino",35.546631,139.4386186
"restaurant_ 184","Dining bar","Tōkyō-to Minato-ku Akasaka",35.6749184,139.736775
"restaurant_ 185","Dining bar","Tōkyō-to Minato-ku Akasaka",35.6749184,139.736775
"restaurant_ 186","Dining bar","Tōkyō-to Musashino-shi Midorichō",35.7177841,139.56626
"restaurant_ 187","Dining bar","Tōkyō-to Musashino-shi Midorichō",35.7177841,139.56626
"restaurant_ 188","Dining bar","Tōkyō-to Chiyoda-ku Kudanminami",35.6940027,139.7535951
"restaurant_ 189","Dining bar","Tōkyō-to Chiyoda-ku Kudanminami",35.6940027,139.7535951
"restaurant_ 190","Dining bar","Tōkyō-to Nerima-ku Toyotamakita",35.7356234,139.6516577
"restaurant_ 191","Dining bar","Tōkyō-to Nerima-ku Toyotamakita",35.7356234,139.6516577
"restaurant_ 192","Dining bar","Fukuoka-ken Kitakyūshū-shi Ōtemachi",33.8808817,130.8734191
"restaurant_ 193","Dining bar","Fukuoka-ken Kitakyūshū-shi Ōtemachi",33.8808817,130.8734191
"restaurant_ 194","Dining bar","Tōkyō-to Toshima-ku Minamiikebukuro",35.7261178,139.7166049
"restaurant_ 195","Dining bar","Tōkyō-to Toshima-ku Minamiikebukuro",35.7261178,139.7166049
"restaurant_ 196","Dining bar","Tōkyō-to Shinagawa-ku Hiromachi",35.6092261,139.7301861
"restaurant_ 197","Dining bar","Tōkyō-to Shinagawa-ku Hiromachi",35.6092261,139.7301861
"restaurant_ 198","Dining bar","Tōkyō-to Shinagawa-ku Hiromachi",35.6092261,139.7301861
"restaurant_ 199","Dining bar","Ōsaka-fu Ōsaka-shi Nakanochō",34.7012792,135.5280905
"restaurant_ 200","Dining bar","Ōsaka-fu Ōsaka-shi Nakanochō",34.7012792,135.5280905
"restaurant_ 201","Dining bar","Tōkyō-to Toshima-ku Sugamo",35.7379419,139.7310979
"restaurant_ 202","Dining bar","Tōkyō-to Toshima-ku Sugamo",35.7379419,139.7310979
"restaurant_ 203","Dining bar","Tōkyō-to Setagaya-ku Kitazawa",35.662665,139.6682677
"restaurant_ 204","Dining bar","Tōkyō-to Setagaya-ku Kitazawa",35.662665,139.6682677
"restaurant_ 205","Dining bar","Hokkaidō Sapporo-shi Kita 24 Jōnishi",43.0908503,141.3408314
"restaurant_ 206","Dining bar","Hokkaidō Sapporo-shi Kita 24 Jōnishi",43.0908503,141.3408314
"restaurant_ 207","Dining bar","Fukuoka-ken Fukuoka-shi Tenjin",33.5902074,130.3976602
"restaurant_ 208","Dining bar","Fukuoka-ken Fukuoka-shi Tenjin",33.5902074,130.3976602
"restaurant_ 209","Dining bar","Fukuoka-ken Fukuoka-shi Takatori",33.5808273,130.3507639
"restaurant_ 210","Dining bar","Fukuoka-ken Fukuoka-shi Takatori",33.5808273,130.3507639
"restaurant_ 211","Yakiniku/Korean food","Hyōgo-ken Kōbe-shi Kumoidōri",34.6951242,135.1978525
"restaurant_ 212","Yakiniku/Korean food","Hyōgo-ken Kōbe-shi Kumoidōri",34.6951242,135.1978525
"restaurant_ 213","Yakiniku/Korean food","Fukuoka-ken Fukuoka-shi Daimyō",33.5892157,130.3928134
"restaurant_ 214","Yakiniku/Korean food","Fukuoka-ken Fukuoka-shi Daimyō",33.5892157,130.3928134
"restaurant_ 215","Yakiniku/Korean food","Fukuoka-ken Fukuoka-shi Daimyō",33.5892157,130.3928134
"restaurant_ 216","Yakiniku/Korean food","Hokkaidō Sapporo-shi Atsubetsuchūō 1 Jō",43.0364075,141.4747892
"restaurant_ 217","Yakiniku/Korean food","Hokkaidō Sapporo-shi Atsubetsuchūō 1 Jō",43.0364075,141.4747892
"restaurant_ 218","Yakiniku/Korean food","Ōsaka-fu Ōsaka-shi Ōgimachi",34.7053617,135.5100252
"restaurant_ 219","Yakiniku/Korean food","Ōsaka-fu Ōsaka-shi Ōgimachi",34.7053617,135.5100252
"restaurant_ 220","Yakiniku/Korean food","Tōkyō-to Shibuya-ku Shibuya",35.6617773,139.7040506
"restaurant_ 221","Yakiniku/Korean food","Tōkyō-to Shibuya-ku Shibuya",35.6617773,139.7040506
"restaurant_ 222","Yakiniku/Korean food","Tōkyō-to Chūō-ku Ginza",35.6721142,139.7708253
"restaurant_ 223","Yakiniku/Korean food","Tōkyō-to Chūō-ku Ginza",35.6721142,139.7708253
"restaurant_ 224","Yakiniku/Korean food","Miyagi-ken Sendai-shi Kamisugi",38.2690761,140.8704029
"restaurant_ 225","Yakiniku/Korean food","Miyagi-ken Sendai-shi Kamisugi",38.2690761,140.8704029
"restaurant_ 226","Yakiniku/Korean food","Miyagi-ken Sendai-shi Kamisugi",38.2690761,140.8704029
"restaurant_ 227","Yakiniku/Korean food","Hokkaidō Sapporo-shi Minami 3 Jōnishi",43.0554601,141.3409556
"restaurant_ 228","Yakiniku/Korean food","Hokkaidō Sapporo-shi Minami 3 Jōnishi",43.0554601,141.3409556
"restaurant_ 229","Yakiniku/Korean food","Hokkaidō Sapporo-shi Minami 3 Jōnishi",43.0554601,141.3409556
"restaurant_ 230","Yakiniku/Korean food","Hokkaidō Abashiri-shi Minami 6 Jōhigashi",44.0206319,144.2733983
"restaurant_ 231","Yakiniku/Korean food","Hokkaidō Abashiri-shi Minami 6 Jōhigashi",44.0206319,144.2733983
"restaurant_ 232","Yakiniku/Korean food","Ōsaka-fu Ōsaka-shi Kyūtarōmachi",34.6812614,135.5098009
"restaurant_ 233","Yakiniku/Korean food","Ōsaka-fu Ōsaka-shi Kyūtarōmachi",34.6812614,135.5098009
"restaurant_ 234",Cafe/Sweets,"Hyōgo-ken Kōbe-shi Kumoidōri",34.6951242,135.1978525
"restaurant_ 235",Cafe/Sweets,"Hyōgo-ken Kōbe-shi Kumoidōri",34.6951242,135.1978525
"restaurant_ 236",Cafe/Sweets,"Tōkyō-to Minato-ku Shibakōen",35.6580681,139.7515992
"restaurant_ 237",Cafe/Sweets,"Tōkyō-to Minato-ku Shibakōen",35.6580681,139.7515992
"restaurant_ 238",Cafe/Sweets,"Tōkyō-to Minato-ku Shibakōen",35.6580681,139.7515992
"restaurant_ 239",Cafe/Sweets,"Fukuoka-ken Fukuoka-shi Daimyō",33.5892157,130.3928134
"restaurant_ 240",Cafe/Sweets,"Fukuoka-ken Fukuoka-shi Daimyō",33.5892157,130.3928134
"restaurant_ 241",Cafe/Sweets,"Fukuoka-ken Fukuoka-shi Daimyō",33.5892157,130.3928134
"restaurant_ 242",Cafe/Sweets,"Fukuoka-ken Fukuoka-shi Daimyō",33.5892157,130.3928134
"restaurant_ 243",Cafe/Sweets,"Fukuoka-ken Fukuoka-shi Daimyō",33.5892157,130.3928134
"restaurant_ 244",Cafe/Sweets,"Fukuoka-ken Fukuoka-shi Daimyō",33.5892157,130.3928134
"restaurant_ 245",Cafe/Sweets,"Fukuoka-ken Fukuoka-shi Daimyō",33.5892157,130.3928134
"restaurant_ 246",Cafe/Sweets,"Fukuoka-ken Fukuoka-shi Daimyō",33.5892157,130.3928134
"restaurant_ 247",Cafe/Sweets,"Fukuoka-ken Fukuoka-shi Daimyō",33.5892157,130.3928134
"restaurant_ 248",Cafe/Sweets,"Fukuoka-ken Fukuoka-shi Daimyō",33.5892157,130.3928134
"restaurant_ 249",Cafe/Sweets,"Fukuoka-ken Fukuoka-shi Daimyō",33.5892157,130.3928134
"restaurant_ 250",Cafe/Sweets,"Fukuoka-ken Fukuoka-shi Daimyō",33.5892157,130.3928134
"restaurant_ 251",Cafe/Sweets,"Fukuoka-ken Fukuoka-shi Daimyō",33.5892157,130.3928134
"restaurant_ 252",Cafe/Sweets,"Fukuoka-ken Fukuoka-shi Daimyō",33.5892157,130.3928134
"restaurant_ 253",Cafe/Sweets,"Fukuoka-ken Fukuoka-shi Daimyō",33.5892157,130.3928134
"restaurant_ 254",Cafe/Sweets,"Fukuoka-ken Fukuoka-shi Daimyō",33.5892157,130.3928134
"restaurant_ 255",Cafe/Sweets,"Fukuoka-ken Fukuoka-shi Daimyō",33.5892157,130.3928134
"restaurant_ 256",Cafe/Sweets,"Fukuoka-ken Fukuoka-shi Daimyō",33.5892157,130.3928134
"restaurant_ 257",Cafe/Sweets,"Fukuoka-ken Fukuoka-shi Daimyō",33.5892157,130.3928134
"restaurant_ 258",Cafe/Sweets,"Fukuoka-ken Fukuoka-shi Daimyō",33.5892157,130.3928134
"restaurant_ 259",Cafe/Sweets,"Fukuoka-ken Fukuoka-shi Daimyō",33.5892157,130.3928134
"restaurant_ 260",Cafe/Sweets,"Fukuoka-ken Fukuoka-shi Daimyō",33.5892157,130.3928134
"restaurant_ 261",Cafe/Sweets,"Fukuoka-ken Fukuoka-shi Daimyō",33.5892157,130.3928134
"restaurant_ 262",Cafe/Sweets,"Fukuoka-ken Fukuoka-shi Daimyō",33.5892157,130.3928134
"restaurant_ 263",Cafe/Sweets,"Tōkyō-to Setagaya-ku Setagaya",35.6465721,139.6532473
"restaurant_ 264",Cafe/Sweets,"Tōkyō-to Setagaya-ku Setagaya",35.6465721,139.6532473
"restaurant_ 265",Cafe/Sweets,"Tōkyō-to Setagaya-ku Setagaya",35.6465721,139.6532473
"restaurant_ 266",Cafe/Sweets,"Tōkyō-to Setagaya-ku Setagaya",35.6465721,139.6532473
"restaurant_ 267",Cafe/Sweets,"Tōkyō-to Setagaya-ku Setagaya",35.6465721,139.6532473
"restaurant_ 268",Cafe/Sweets,"Tōkyō-to Setagaya-ku Setagaya",35.6465721,139.6532473
"restaurant_ 269",Cafe/Sweets,"Tōkyō-to Setagaya-ku Setagaya",35.6465721,139.6532473
"restaurant_ 270",Cafe/Sweets,"Tōkyō-to Setagaya-ku Setagaya",35.6465721,139.6532473
"restaurant_ 271",Cafe/Sweets,"Tōkyō-to Setagaya-ku Setagaya",35.6465721,139.6532473
"restaurant_ 272",Cafe/Sweets,"Tōkyō-to Setagaya-ku Setagaya",35.6465721,139.6532473
"restaurant_ 273",Cafe/Sweets,"Hyōgo-ken Kōbe-shi Sumiyoshi Higashimachi",34.7202277,135.265455
"restaurant_ 274",Cafe/Sweets,"Hyōgo-ken Kōbe-shi Sumiyoshi Higashimachi",34.7202277,135.265455
"restaurant_ 275",Cafe/Sweets,"Hyōgo-ken Kōbe-shi Sumiyoshi Higashimachi",34.7202277,135.265455
"restaurant_ 276",Cafe/Sweets,"Hyōgo-ken Kōbe-shi Sumiyoshi Higashimachi",34.7202277,135.265455
"restaurant_ 277",Cafe/Sweets,"Tōkyō-to Adachi-ku Chūōhonchō",35.7756644,139.8044788
"restaurant_ 278",Cafe/Sweets,"Tōkyō-to Adachi-ku Chūōhonchō",35.7756644,139.8044788
"restaurant_ 279",Cafe/Sweets,"Ōsaka-fu Ōsaka-shi Ōgimachi",34.7053617,135.5100252
"restaurant_ 280",Cafe/Sweets,"Ōsaka-fu Ōsaka-shi Ōgimachi",34.7053617,135.5100252
"restaurant_ 281",Cafe/Sweets,"Ōsaka-fu Ōsaka-shi Ōgimachi",34.7053617,135.5100252
"restaurant_ 282",Cafe/Sweets,"Ōsaka-fu Ōsaka-shi Ōgimachi",34.7053617,135.5100252
"restaurant_ 283",Cafe/Sweets,"Ōsaka-fu Ōsaka-shi Ōgimachi",34.7053617,135.5100252
"restaurant_ 284",Cafe/Sweets,"Ōsaka-fu Ōsaka-shi Ōgimachi",34.7053617,135.5100252
"restaurant_ 285",Cafe/Sweets,"Tōkyō-to Setagaya-ku Setagaya",35.6427447,139.6413873
"restaurant_ 286",Cafe/Sweets,"Tōkyō-to Setagaya-ku Setagaya",35.6427447,139.6413873
"restaurant_ 287",Cafe/Sweets,"Tōkyō-to Shibuya-ku Shibuya",35.6617773,139.7040506
"restaurant_ 288",Cafe/Sweets,"Tōkyō-to Shibuya-ku Shibuya",35.6617773,139.7040506
"restaurant_ 289",Cafe/Sweets,"Tōkyō-to Shibuya-ku Shibuya",35.6617773,139.7040506
"restaurant_ 290",Cafe/Sweets,"Tōkyō-to Shibuya-ku Shibuya",35.6617773,139.7040506
"restaurant_ 291",Cafe/Sweets,"Tōkyō-to Shibuya-ku Shibuya",35.6617773,139.7040506
"restaurant_ 292",Cafe/Sweets,"Tōkyō-to Shibuya-ku Shibuya",35.6617773,139.7040506
"restaurant_ 293",Cafe/Sweets,"Tōkyō-to Shibuya-ku Shibuya",35.6617773,139.7040506
"restaurant_ 294",Cafe/Sweets,"Tōkyō-to Shibuya-ku Shibuya",35.6617773,139.7040506
"restaurant_ 295",Cafe/Sweets,"Tōkyō-to Shibuya-ku Shibuya",35.6617773,139.7040506
"restaurant_ 296",Cafe/Sweets,"Tōkyō-to Shibuya-ku Shibuya",35.6617773,139.7040506
"restaurant_ 297",Cafe/Sweets,"Tōkyō-to Shibuya-ku Shibuya",35.6617773,139.7040506
"restaurant_ 298",Cafe/Sweets,"Tōkyō-to Suginami-ku Asagayaminami",35.6995657,139.6364379
"restaurant_ 299",Cafe/Sweets,"Tōkyō-to Suginami-ku Asagayaminami",35.6995657,139.6364379
"restaurant_ 300",Cafe/Sweets,"Tōkyō-to Suginami-ku Asagayaminami",35.6995657,139.6364379
"restaurant_ 301",Cafe/Sweets,"Tōkyō-to Suginami-ku Asagayaminami",35.6995657,139.6364379
"restaurant_ 302",Cafe/Sweets,"Tōkyō-to Suginami-ku Asagayaminami",35.6995657,139.6364379
"restaurant_ 303",Cafe/Sweets,"Tōkyō-to Suginami-ku Asagayaminami",35.6995657,139.6364379
"restaurant_ 304",Cafe/Sweets,"Tōkyō-to Suginami-ku Asagayaminami",35.6995657,139.6364379
"restaurant_ 305",Cafe/Sweets,"Tōkyō-to Suginami-ku Asagayaminami",35.6995657,139.6364379
"restaurant_ 306",Cafe/Sweets,"Tōkyō-to Shinjuku-ku Kabukichō",35.6938401,139.7035494
"restaurant_ 307",Cafe/Sweets,"Tōkyō-to Shinjuku-ku Kabukichō",35.6938401,139.7035494
"restaurant_ 308",Cafe/Sweets,"Tōkyō-to Shinjuku-ku Kabukichō",35.6938401,139.7035494
"restaurant_ 309",Cafe/Sweets,"Tōkyō-to Meguro-ku Kamimeguro",35.6414629,139.6981712
"restaurant_ 310",Cafe/Sweets,"Tōkyō-to Meguro-ku Kamimeguro",35.6414629,139.6981712
"restaurant_ 311",Cafe/Sweets,"Tōkyō-to Meguro-ku Kamimeguro",35.6414629,139.6981712
"restaurant_ 312",Cafe/Sweets,"Tōkyō-to Meguro-ku Kamimeguro",35.6414629,139.6981712
"restaurant_ 313",Cafe/Sweets,"Hokkaidō Sapporo-shi Kotoni 2 Jō",43.0744699,141.3008887
"restaurant_ 314",Cafe/Sweets,"Hokkaidō Sapporo-shi Kotoni 2 Jō",43.0744699,141.3008887
"restaurant_ 315",Cafe/Sweets,"Ōsaka-fu Ōsaka-shi Shinmachi",34.6762311,135.4860587
"restaurant_ 316",Cafe/Sweets,"Ōsaka-fu Ōsaka-shi Shinmachi",34.6762311,135.4860587
"restaurant_ 317",Cafe/Sweets,"Ōsaka-fu Ōsaka-shi Shinmachi",34.6762311,135.4860587
"restaurant_ 318",Cafe/Sweets,"Shizuoka-ken Hamamatsu-shi Motoshirochō",34.7108955,137.7259397
"restaurant_ 319",Cafe/Sweets,"Shizuoka-ken Hamamatsu-shi Motoshirochō",34.7108955,137.7259397
"restaurant_ 320",Cafe/Sweets,"Shizuoka-ken Hamamatsu-shi Motoshirochō",34.7108955,137.7259397
"restaurant_ 321",Cafe/Sweets,"Shizuoka-ken Hamamatsu-shi Motoshirochō",34.7108955,137.7259397
"restaurant_ 322",Cafe/Sweets,"Tōkyō-to Kōtō-ku Tōyō",35.6728535,139.8174097
"restaurant_ 323",Cafe/Sweets,"Tōkyō-to Kōtō-ku Tōyō",35.6728535,139.8174097
"restaurant_ 324",Cafe/Sweets,"Hokkaidō Sapporo-shi Minami 3 Jōnishi",43.0554601,141.3409556
"restaurant_ 325",Cafe/Sweets,"Hokkaidō Sapporo-shi Minami 3 Jōnishi",43.0554601,141.3409556
"restaurant_ 326",Cafe/Sweets,"Hokkaidō Sapporo-shi Minami 3 Jōnishi",43.0554601,141.3409556
"restaurant_ 327",Cafe/Sweets,"Hokkaidō Sapporo-shi Minami 3 Jōnishi",43.0554601,141.3409556
"restaurant_ 328",Cafe/Sweets,"Tōkyō-to Chūō-ku Tsukiji",35.6706505,139.7718614
"restaurant_ 329",Cafe/Sweets,"Tōkyō-to Chūō-ku Tsukiji",35.6706505,139.7718614
"restaurant_ 330",Cafe/Sweets,"Tōkyō-to Chūō-ku Tsukiji",35.6706505,139.7718614
"restaurant_ 331",Cafe/Sweets,"Tōkyō-to Chūō-ku Tsukiji",35.6706505,139.7718614
"restaurant_ 332",Cafe/Sweets,"Tōkyō-to Itabashi-ku Itabashi",35.7511648,139.7092437
"restaurant_ 333",Cafe/Sweets,"Tōkyō-to Itabashi-ku Itabashi",35.7511648,139.7092437
"restaurant_ 334",Cafe/Sweets,"Tōkyō-to Chiyoda-ku Kudanminami",35.6940027,139.7535951
"restaurant_ 335",Cafe/Sweets,"Tōkyō-to Chiyoda-ku Kudanminami",35.6940027,139.7535951
"restaurant_ 336",Cafe/Sweets,"Tōkyō-to Chiyoda-ku Kudanminami",35.6940027,139.7535951
"restaurant_ 337",Cafe/Sweets,"Fukuoka-ken Fukuoka-shi Torikai",33.5756863,130.3699764
"restaurant_ 338",Cafe/Sweets,"Fukuoka-ken Fukuoka-shi Torikai",33.5756863,130.3699764
"restaurant_ 339",Cafe/Sweets,"Shizuoka-ken Numazu-shi Miyukichō",35.0955842,138.8634925
"restaurant_ 340",Cafe/Sweets,"Shizuoka-ken Numazu-shi Miyukichō",35.0955842,138.8634925
"restaurant_ 341",Cafe/Sweets,"Ōsaka-fu Ōsaka-shi Fuminosato",34.638969,135.5184958
"restaurant_ 342",Cafe/Sweets,"Ōsaka-fu Ōsaka-shi Fuminosato",34.638969,135.5184958
"restaurant_ 343",Cafe/Sweets,"Fukuoka-ken Fukuoka-shi Momochi",33.5819411,130.3484363
"restaurant_ 344",Cafe/Sweets,"Fukuoka-ken Fukuoka-shi Momochi",33.5819411,130.3484363
"restaurant_ 345",Cafe/Sweets,"Fukuoka-ken Fukuoka-shi Momochi",33.5819411,130.3484363
"restaurant_ 346",Cafe/Sweets,"Fukuoka-ken Fukuoka-shi Momochi",33.5819411,130.3484363
"restaurant_ 347",Cafe/Sweets,"Tōkyō-to Meguro-ku Jiyūgaoka",35.6092076,139.6693609
"restaurant_ 348",Cafe/Sweets,"Tōkyō-to Meguro-ku Jiyūgaoka",35.6092076,139.6693609
"restaurant_ 349",Cafe/Sweets,"Tōkyō-to Taitō-ku Higashiueno",35.712607,139.7799956
"restaurant_ 350",Cafe/Sweets,"Tōkyō-to Taitō-ku Higashiueno",35.712607,139.7799956
"restaurant_ 351",Cafe/Sweets,"Tōkyō-to Taitō-ku Higashiueno",35.712607,139.7799956
"restaurant_ 352",Cafe/Sweets,"Tōkyō-to Taitō-ku Higashiueno",35.712607,139.7799956
"restaurant_ 353",Cafe/Sweets,"Tōkyō-to Taitō-ku Higashiueno",35.712607,139.7799956
"restaurant_ 354",Cafe/Sweets,"Tōkyō-to Taitō-ku Higashiueno",35.712607,139.7799956
"restaurant_ 355",Cafe/Sweets,"Tōkyō-to Taitō-ku Higashiueno",35.712607,139.7799956
"restaurant_ 356",Cafe/Sweets,"Fukuoka-ken Itoshima-shi Maebarunishi",33.5573203,130.195555
"restaurant_ 357",Cafe/Sweets,"Fukuoka-ken Itoshima-shi Maebarunishi",33.5573203,130.195555
"restaurant_ 358",Cafe/Sweets,"Fukuoka-ken Itoshima-shi Maebarunishi",33.5573203,130.195555
"restaurant_ 359",Cafe/Sweets,"Fukuoka-ken Itoshima-shi Maebarunishi",33.5573203,130.195555
"restaurant_ 360",Cafe/Sweets,"Fukuoka-ken Itoshima-shi Maebarunishi",33.5573203,130.195555
"restaurant_ 361",Cafe/Sweets,"Fukuoka-ken Itoshima-shi Maebarunishi",33.5573203,130.195555
"restaurant_ 362",Cafe/Sweets,"Fukuoka-ken Itoshima-shi Maebarunishi",33.5573203,130.195555
"restaurant_ 363",Cafe/Sweets,"Tōkyō-to Musashino-shi Kichijōji Honchō",35.704686,139.5754071
"restaurant_ 364",Cafe/Sweets,"Tōkyō-to Musashino-shi Kichijōji Honchō",35.704686,139.5754071
"restaurant_ 365",Cafe/Sweets,"Hokkaidō Katō-gun Motomachi",42.9941431,143.1979595
"restaurant_ 366",Cafe/Sweets,"Hokkaidō Katō-gun Motomachi",42.9941431,143.1979595
"restaurant_ 367",Cafe/Sweets,"Tōkyō-to Kita-ku Ōjihonchō",35.7528042,139.7334805
"restaurant_ 368",Cafe/Sweets,"Tōkyō-to Kita-ku Ōjihonchō",35.7528042,139.7334805
"restaurant_ 369",Cafe/Sweets,"Ōsaka-fu Ōsaka-shi Kyūtarōmachi",34.6812614,135.5098009
"restaurant_ 370",Cafe/Sweets,"Ōsaka-fu Ōsaka-shi Kyūtarōmachi",34.6812614,135.5098009
"restaurant_ 371",Cafe/Sweets,"Ōsaka-fu Ōsaka-shi Kyūtarōmachi",34.6812614,135.5098009
"restaurant_ 372",Cafe/Sweets,"Ōsaka-fu Ōsaka-shi Kyūtarōmachi",34.6812614,135.5098009
"restaurant_ 373",Cafe/Sweets,"Ōsaka-fu Ōsaka-shi Kyūtarōmachi",34.6812614,135.5098009
"restaurant_ 374",Cafe/Sweets,"Ōsaka-fu Ōsaka-shi Kyūtarōmachi",34.6812614,135.5098009
"restaurant_ 375",Cafe/Sweets,"Ōsaka-fu Ōsaka-shi Ōhiraki",34.6923371,135.4722289
"restaurant_ 376",Cafe/Sweets,"Ōsaka-fu Ōsaka-shi Ōhiraki",34.6923371,135.4722289
"restaurant_ 377",Cafe/Sweets,"Fukuoka-ken Fukuoka-shi Shiobaru",33.5615691,130.4264283
"restaurant_ 378",Cafe/Sweets,"Fukuoka-ken Fukuoka-shi Shiobaru",33.5615691,130.4264283
"restaurant_ 379",Cafe/Sweets,"Fukuoka-ken Fukuoka-shi Shiobaru",33.5615691,130.4264283
"restaurant_ 380",Cafe/Sweets,"Fukuoka-ken Fukuoka-shi Shiobaru",33.5615691,130.4264283
"restaurant_ 381",Cafe/Sweets,"Tōkyō-to Koganei-shi Honchō",35.6994733,139.5029916
"restaurant_ 382",Cafe/Sweets,"Tōkyō-to Koganei-shi Honchō",35.6994733,139.5029916
"restaurant_ 383",Cafe/Sweets,"Hiroshima-ken Fukuyama-shi Higashisakuramachi",34.4858993,133.3623127
"restaurant_ 384",Cafe/Sweets,"Hiroshima-ken Fukuyama-shi Higashisakuramachi",34.4858993,133.3623127
"restaurant_ 385",Cafe/Sweets,"Tōkyō-to Toshima-ku Higashiikebukuro",35.7262319,139.7232404
"restaurant_ 386",Cafe/Sweets,"Tōkyō-to Toshima-ku Higashiikebukuro",35.7262319,139.7232404
"restaurant_ 387",Cafe/Sweets,"Hyōgo-ken Nishinomiya-shi Rokutanjichō",34.7375965,135.3415643
"restaurant_ 388",Cafe/Sweets,"Hyōgo-ken Nishinomiya-shi Rokutanjichō",34.7375965,135.3415643
"restaurant_ 389",Cafe/Sweets,"Tōkyō-to Shinjuku-ku Nishishinjuku",35.6921398,139.6854735
"restaurant_ 390",Cafe/Sweets,"Tōkyō-to Shinjuku-ku Nishishinjuku",35.6921398,139.6854735
"restaurant_ 391",Cafe/Sweets,"Tōkyō-to Bunkyō-ku Kasuga",35.7080677,139.752167
"restaurant_ 392",Cafe/Sweets,"Tōkyō-to Bunkyō-ku Kasuga",35.7080677,139.752167
"restaurant_ 393",Cafe/Sweets,"Tōkyō-to Bunkyō-ku Kasuga",35.7080677,139.752167
"restaurant_ 394",Cafe/Sweets,"Ōsaka-fu Sakai-shi Minamikawaramachi",34.5732536,135.4831008
"restaurant_ 395",Cafe/Sweets,"Ōsaka-fu Sakai-shi Minamikawaramachi",34.5732536,135.4831008
"restaurant_ 396",Cafe/Sweets,"Tōkyō-to Setagaya-ku Okusawa",35.6021252,139.6719581
"restaurant_ 397",Cafe/Sweets,"Tōkyō-to Setagaya-ku Okusawa",35.6021252,139.6719581
"restaurant_ 398",Cafe/Sweets,"Tōkyō-to Setagaya-ku Okusawa",35.6021252,139.6719581
"restaurant_ 399",Cafe/Sweets,"Tōkyō-to Setagaya-ku Okusawa",35.6021252,139.6719581
"restaurant_ 400",Cafe/Sweets,"Tōkyō-to Setagaya-ku Okusawa",35.6021252,139.6719581
"restaurant_ 401",Cafe/Sweets,"Fukuoka-ken Kitakyūshū-shi Konyamachi",33.8810679,130.881838
"restaurant_ 402",Cafe/Sweets,"Fukuoka-ken Kitakyūshū-shi Konyamachi",33.8810679,130.881838
"restaurant_ 403",Cafe/Sweets,"Tōkyō-to Toshima-ku Minamiikebukuro",35.7248234,139.7159634
"restaurant_ 404",Cafe/Sweets,"Tōkyō-to Toshima-ku Minamiikebukuro",35.7248234,139.7159634
"restaurant_ 405",Cafe/Sweets,"Fukuoka-ken Fukuoka-shi Daimyō",33.5869938,130.3948938
"restaurant_ 406",Cafe/Sweets,"Fukuoka-ken Fukuoka-shi Daimyō",33.5869938,130.3948938
"restaurant_ 407",Cafe/Sweets,"Tōkyō-to Taitō-ku Kuramae",35.7043442,139.7914285
"restaurant_ 408",Cafe/Sweets,"Tōkyō-to Taitō-ku Kuramae",35.7043442,139.7914285
"restaurant_ 409",Cafe/Sweets,"Hyōgo-ken Takarazuka-shi Tōyōchō",34.7997673,135.3600729
"restaurant_ 410",Cafe/Sweets,"Hyōgo-ken Takarazuka-shi Tōyōchō",34.7997673,135.3600729
"restaurant_ 411",Cafe/Sweets,"Tōkyō-to Shibuya-ku Jingūmae",35.6692904,139.7070557
"restaurant_ 412",Cafe/Sweets,"Tōkyō-to Shibuya-ku Jingūmae",35.6692904,139.7070557
"restaurant_ 413",Cafe/Sweets,"Niigata-ken Kashiwazaki-shi Chūōchō",37.3718999,138.5589836
"restaurant_ 414",Cafe/Sweets,"Niigata-ken Kashiwazaki-shi Chūōchō",37.3718999,138.5589836
"restaurant_ 415",Izakaya,"Hyōgo-ken Kōbe-shi Kumoidōri",34.6951242,135.1978525
"restaurant_ 416",Izakaya,"Hyōgo-ken Kōbe-shi Kumoidōri",34.6951242,135.1978525
"restaurant_ 417",Izakaya,"Hyōgo-ken Kōbe-shi Kumoidōri",34.6951242,135.1978525
"restaurant_ 418",Izakaya,"Tōkyō-to Minato-ku Shibakōen",35.6580681,139.7515992
"restaurant_ 419",Izakaya,"Tōkyō-to Minato-ku Shibakōen",35.6580681,139.7515992
"restaurant_ 420",Izakaya,"Tōkyō-to Minato-ku Shibakōen",35.6580681,139.7515992
"restaurant_ 421",Izakaya,"Tōkyō-to Minato-ku Shibakōen",35.6580681,139.7515992
"restaurant_ 422",Izakaya,"Tōkyō-to Minato-ku Shibakōen",35.6580681,139.7515992
"restaurant_ 423",Izakaya,"Tōkyō-to Minato-ku Shibakōen",35.6580681,139.7515992
"restaurant_ 424",Izakaya,"Tōkyō-to Minato-ku Shibakōen",35.6580681,139.7515992
"restaurant_ 425",Izakaya,"Tōkyō-to Minato-ku Shibakōen",35.6580681,139.7515992
"restaurant_ 426",Izakaya,"Tōkyō-to Minato-ku Shibakōen",35.6580681,139.7515992
"restaurant_ 427",Izakaya,"Fukuoka-ken Fukuoka-shi Daimyō",33.5892157,130.3928134
"restaurant_ 428",Izakaya,"Fukuoka-ken Fukuoka-shi Daimyō",33.5892157,130.3928134
"restaurant_ 429",Izakaya,"Fukuoka-ken Fukuoka-shi Daimyō",33.5892157,130.3928134
"restaurant_ 430",Izakaya,"Fukuoka-ken Fukuoka-shi Daimyō",33.5892157,130.3928134
"restaurant_ 431",Izakaya,"Fukuoka-ken Fukuoka-shi Daimyō",33.5892157,130.3928134
"restaurant_ 432",Izakaya,"Fukuoka-ken Fukuoka-shi Daimyō",33.5892157,130.3928134
"restaurant_ 433",Izakaya,"Hokkaidō Asahikawa-shi 6 Jōdōri",43.7706355,142.364819
"restaurant_ 434",Izakaya,"Hokkaidō Asahikawa-shi 6 Jōdōri",43.7706355,142.364819
"restaurant_ 435",Izakaya,"Hokkaidō Asahikawa-shi 6 Jōdōri",43.7706355,142.364819
"restaurant_ 436",Izakaya,"Hokkaidō Asahikawa-shi 6 Jōdōri",43.7706355,142.364819
"restaurant_ 437",Izakaya,"Hokkaidō Asahikawa-shi 6 Jōdōri",43.7706355,142.364819
"restaurant_ 438",Izakaya,"Hokkaidō Asahikawa-shi 6 Jōdōri",43.7706355,142.364819
"restaurant_ 439",Izakaya,"Hyōgo-ken Kōbe-shi Sumiyoshi Higashimachi",34.7202277,135.265455
"restaurant_ 440",Izakaya,"Hyōgo-ken Kōbe-shi Sumiyoshi Higashimachi",34.7202277,135.265455
"restaurant_ 441",Izakaya,"Ōsaka-fu Ōsaka-shi Ōgimachi",34.7053617,135.5100252
"restaurant_ 442",Izakaya,"Ōsaka-fu Ōsaka-shi Ōgimachi",34.7053617,135.5100252
"restaurant_ 443",Izakaya,"Ōsaka-fu Ōsaka-shi Ōgimachi",34.7053617,135.5100252
"restaurant_ 444",Izakaya,"Ōsaka-fu Ōsaka-shi Ōgimachi",34.7053617,135.5100252
"restaurant_ 445",Izakaya,"Hyōgo-ken Amagasaki-shi Higashinanamatsuchō",34.7337339,135.4063757
"restaurant_ 446",Izakaya,"Hyōgo-ken Amagasaki-shi Higashinanamatsuchō",34.7337339,135.4063757
"restaurant_ 447",Izakaya,"Tōkyō-to Shibuya-ku Shibuya",35.6617773,139.7040506
"restaurant_ 448",Izakaya,"Tōkyō-to Shibuya-ku Shibuya",35.6617773,139.7040506
"restaurant_ 449",Izakaya,"Tōkyō-to Shibuya-ku Shibuya",35.6617773,139.7040506
"restaurant_ 450",Izakaya,"Tōkyō-to Shibuya-ku Shibuya",35.6617773,139.7040506
"restaurant_ 451",Izakaya,"Tōkyō-to Suginami-ku Asagayaminami",35.6995657,139.6364379
"restaurant_ 452",Izakaya,"Tōkyō-to Suginami-ku Asagayaminami",35.6995657,139.6364379
"restaurant_ 453",Izakaya,"Tōkyō-to Kōtō-ku Tomioka",35.6712704,139.7969871
"restaurant_ 454",Izakaya,"Tōkyō-to Kōtō-ku Tomioka",35.6712704,139.7969871
"restaurant_ 455",Izakaya,"Hiroshima-ken Hiroshima-shi Kokutaijimachi",34.3862445,132.4550176
"restaurant_ 456",Izakaya,"Hiroshima-ken Hiroshima-shi Kokutaijimachi",34.3862445,132.4550176
"restaurant_ 457",Izakaya,"Hiroshima-ken Hiroshima-shi Kokutaijimachi",34.3862445,132.4550176
"restaurant_ 458",Izakaya,"Hiroshima-ken Hiroshima-shi Kokutaijimachi",34.3862445,132.4550176
"restaurant_ 459",Izakaya,"Hiroshima-ken Hiroshima-shi Kokutaijimachi",34.3862445,132.4550176
"restaurant_ 460",Izakaya,"Hiroshima-ken Hiroshima-shi Kokutaijimachi",34.3862445,132.4550176
"restaurant_ 461",Izakaya,"Hiroshima-ken Hiroshima-shi Kokutaijimachi",34.3862445,132.4550176
"restaurant_ 462",Izakaya,"Hiroshima-ken Hiroshima-shi Kokutaijimachi",34.3862445,132.4550176
"restaurant_ 463",Izakaya,"Hiroshima-ken Hiroshima-shi Kokutaijimachi",34.3862445,132.4550176
"restaurant_ 464",Izakaya,"Hiroshima-ken Hiroshima-shi Kokutaijimachi",34.3862445,132.4550176
"restaurant_ 465",Izakaya,"Hiroshima-ken Hiroshima-shi Kokutaijimachi",34.3862445,132.4550176
"restaurant_ 466",Izakaya,"Niigata-ken Niigata-shi Gakkōchōdōri 1 Banchō",37.9163674,139.0363265
"restaurant_ 467",Izakaya,"Niigata-ken Niigata-shi Gakkōchōdōri 1 Banchō",37.9163674,139.0363265
"restaurant_ 468",Izakaya,"Niigata-ken Niigata-shi Gakkōchōdōri 1 Banchō",37.9163674,139.0363265
"restaurant_ 469",Izakaya,"Niigata-ken Niigata-shi Gakkōchōdōri 1 Banchō",37.9163674,139.0363265
"restaurant_ 470",Izakaya,"Tōkyō-to Chūō-ku Ginza",35.6721142,139.7708253
"restaurant_ 471",Izakaya,"Tōkyō-to Chūō-ku Ginza",35.6721142,139.7708253
"restaurant_ 472",Izakaya,"Tōkyō-to Shinjuku-ku Kabukichō",35.6938401,139.7035494
"restaurant_ 473",Izakaya,"Tōkyō-to Shinjuku-ku Kabukichō",35.6938401,139.7035494
"restaurant_ 474",Izakaya,"Tōkyō-to Shinjuku-ku Kabukichō",35.6938401,139.7035494
"restaurant_ 475",Izakaya,"Tōkyō-to Shinjuku-ku Kabukichō",35.6938401,139.7035494
"restaurant_ 476",Izakaya,"Tōkyō-to Shinjuku-ku Kabukichō",35.6938401,139.7035494
"restaurant_ 477",Izakaya,"Tōkyō-to Shinjuku-ku Kabukichō",35.6938401,139.7035494
"restaurant_ 478",Izakaya,"Tōkyō-to Shinjuku-ku Kabukichō",35.6938401,139.7035494
"restaurant_ 479",Izakaya,"Tōkyō-to Shinjuku-ku Kabukichō",35.6938401,139.7035494
"restaurant_ 480",Izakaya,"Tōkyō-to Ōta-ku Kamata",35.5612568,139.7160511
"restaurant_ 481",Izakaya,"Tōkyō-to Ōta-ku Kamata",35.5612568,139.7160511
"restaurant_ 482",Izakaya,"Tōkyō-to Ōta-ku Kamata",35.5612568,139.7160511
"restaurant_ 483",Izakaya,"Tōkyō-to Meguro-ku Kamimeguro",35.6414629,139.6981712
"restaurant_ 484",Izakaya,"Tōkyō-to Meguro-ku Kamimeguro",35.6414629,139.6981712
"restaurant_ 485",Izakaya,"Tōkyō-to Meguro-ku Kamimeguro",35.6414629,139.6981712
"restaurant_ 486",Izakaya,"Tōkyō-to Meguro-ku Kamimeguro",35.6414629,139.6981712
"restaurant_ 487",Izakaya,"Tōkyō-to Meguro-ku Kamimeguro",35.6414629,139.6981712
"restaurant_ 488",Izakaya,"Hokkaidō Sapporo-shi Kotoni 2 Jō",43.0744699,141.3008887
"restaurant_ 489",Izakaya,"Hokkaidō Sapporo-shi Kotoni 2 Jō",43.0744699,141.3008887
"restaurant_ 490",Izakaya,"Ōsaka-fu Ōsaka-shi Shinmachi",34.6762311,135.4860587
"restaurant_ 491",Izakaya,"Ōsaka-fu Ōsaka-shi Shinmachi",34.6762311,135.4860587
"restaurant_ 492",Izakaya,"Niigata-ken Niigata-shi Teraohigashi",37.8742227,138.9719402
"restaurant_ 493",Izakaya,"Niigata-ken Niigata-shi Teraohigashi",37.8742227,138.9719402
"restaurant_ 494",Izakaya,"Niigata-ken Niigata-shi Teraohigashi",37.8742227,138.9719402
"restaurant_ 495",Izakaya,"Fukuoka-ken Fukuoka-shi Hakata Ekimae",33.5913576,130.4148783
"restaurant_ 496",Izakaya,"Fukuoka-ken Fukuoka-shi Hakata Ekimae",33.5913576,130.4148783
"restaurant_ 497",Izakaya,"Fukuoka-ken Fukuoka-shi Hakata Ekimae",33.5913576,130.4148783
"restaurant_ 498",Izakaya,"Fukuoka-ken Fukuoka-shi Hakata Ekimae",33.5913576,130.4148783
"restaurant_ 499",Izakaya,"Fukuoka-ken Fukuoka-shi Hakata Ekimae",33.5913576,130.4148783
"restaurant_ 500",Izakaya,"Fukuoka-ken Fukuoka-shi Hakata Ekimae",33.5913576,130.4148783
"restaurant_ 501",Izakaya,"Fukuoka-ken Fukuoka-shi Hakata Ekimae",33.5913576,130.4148783
"restaurant_ 502",Izakaya,"Fukuoka-ken Fukuoka-shi Hakata Ekimae",33.5913576,130.4148783
"restaurant_ 503",Izakaya,"Shizuoka-ken Hamamatsu-shi Motoshirochō",34.7108955,137.7259397
"restaurant_ 504",Izakaya,"Shizuoka-ken Hamamatsu-shi Motoshirochō",34.7108955,137.7259397
"restaurant_ 505",Izakaya,"Fukuoka-ken Kitakyūshū-shi None",33.8664649,130.7649232
"restaurant_ 506",Izakaya,"Fukuoka-ken Kitakyūshū-shi None",33.8664649,130.7649232
"restaurant_ 507",Izakaya,"Fukuoka-ken Kitakyūshū-shi None",33.8664649,130.7649232
"restaurant_ 508",Izakaya,"Fukuoka-ken Kurume-shi Jōnanmachi",33.3192865,130.5083735
"restaurant_ 509",Izakaya,"Fukuoka-ken Kurume-shi Jōnanmachi",33.3192865,130.5083735
"restaurant_ 510",Izakaya,"Fukuoka-ken Kurume-shi Jōnanmachi",33.3192865,130.5083735
"restaurant_ 511",Izakaya,"Tōkyō-to Kōtō-ku Tōyō",35.6728535,139.8174097
"restaurant_ 512",Izakaya,"Tōkyō-to Kōtō-ku Tōyō",35.6728535,139.8174097
"restaurant_ 513",Izakaya,"Tōkyō-to Kōtō-ku Tōyō",35.6728535,139.8174097
"restaurant_ 514",Izakaya,"Tōkyō-to Kōtō-ku Tōyō",35.6728535,139.8174097
"restaurant_ 515",Izakaya,"Tōkyō-to Kōtō-ku Tōyō",35.6728535,139.8174097
"restaurant_ 516",Izakaya,"Tōkyō-to Kōtō-ku Tōyō",35.6728535,139.8174097
"restaurant_ 517",Izakaya,"Tōkyō-to Kōtō-ku Tōyō",35.6728535,139.8174097
"restaurant_ 518",Izakaya,"Miyagi-ken Sendai-shi Kamisugi",38.2690761,140.8704029
"restaurant_ 519",Izakaya,"Miyagi-ken Sendai-shi Kamisugi",38.2690761,140.8704029
"restaurant_ 520",Izakaya,"Miyagi-ken Sendai-shi Kamisugi",38.2690761,140.8704029
"restaurant_ 521",Izakaya,"Miyagi-ken Sendai-shi Kamisugi",38.2690761,140.8704029
"restaurant_ 522",Izakaya,"Miyagi-ken Sendai-shi Kamisugi",38.2690761,140.8704029
"restaurant_ 523",Izakaya,"Miyagi-ken Sendai-shi Kamisugi",38.2690761,140.8704029
"restaurant_ 524",Izakaya,"Miyagi-ken Sendai-shi Kamisugi",38.2690761,140.8704029
"restaurant_ 525",Izakaya,"Tōkyō-to Minato-ku Akasaka",35.6749184,139.736775
"restaurant_ 526",Izakaya,"Tōkyō-to Minato-ku Akasaka",35.6749184,139.736775
"restaurant_ 527",Izakaya,"Tōkyō-to Minato-ku Akasaka",35.6749184,139.736775
"restaurant_ 528",Izakaya,"Tōkyō-to Minato-ku Akasaka",35.6749184,139.736775
"restaurant_ 529",Izakaya,"Tōkyō-to Chūō-ku Tsukiji",35.6706505,139.7718614
"restaurant_ 530",Izakaya,"Tōkyō-to Chūō-ku Tsukiji",35.6706505,139.7718614
"restaurant_ 531",Izakaya,"Tōkyō-to Chūō-ku Tsukiji",35.6706505,139.7718614
"restaurant_ 532",Izakaya,"Tōkyō-to Chūō-ku Tsukiji",35.6706505,139.7718614
"restaurant_ 533",Izakaya,"Tōkyō-to Chūō-ku Tsukiji",35.6706505,139.7718614
"restaurant_ 534",Izakaya,"Tōkyō-to Itabashi-ku Itabashi",35.7511648,139.7092437
"restaurant_ 535",Izakaya,"Tōkyō-to Itabashi-ku Itabashi",35.7511648,139.7092437
"restaurant_ 536",Izakaya,"Hyōgo-ken Kakogawa-shi Kakogawachō Kitazaike",34.7569503,134.8411775
"restaurant_ 537",Izakaya,"Hyōgo-ken Kakogawa-shi Kakogawachō Kitazaike",34.7569503,134.8411775
"restaurant_ 538",Izakaya,"Hyōgo-ken Kakogawa-shi Kakogawachō Kitazaike",34.7569503,134.8411775
"restaurant_ 539",Izakaya,"Hyōgo-ken Kakogawa-shi Kakogawachō Kitazaike",34.7569503,134.8411775
"restaurant_ 540",Izakaya,"Hyōgo-ken Kakogawa-shi Kakogawachō Kitazaike",34.7569503,134.8411775
"restaurant_ 541",Izakaya,"Hyōgo-ken Kakogawa-shi Kakogawachō Kitazaike",34.7569503,134.8411775
"restaurant_ 542",Izakaya,"Hyōgo-ken Kakogawa-shi Kakogawachō Kitazaike",34.7569503,134.8411775
"restaurant_ 543",Izakaya,"Hyōgo-ken Kakogawa-shi Kakogawachō Kitazaike",34.7569503,134.8411775
"restaurant_ 544",Izakaya,"Tōkyō-to Bunkyō-ku Sendagi",35.7268018,139.7581383
"restaurant_ 545",Izakaya,"Tōkyō-to Bunkyō-ku Sendagi",35.7268018,139.7581383
"restaurant_ 546",Izakaya,"Tōkyō-to Chiyoda-ku Kudanminami",35.6940027,139.7535951
"restaurant_ 547",Izakaya,"Tōkyō-to Chiyoda-ku Kudanminami",35.6940027,139.7535951
"restaurant_ 548",Izakaya,"Tōkyō-to Chiyoda-ku Kudanminami",35.6940027,139.7535951
"restaurant_ 549",Izakaya,"Tōkyō-to Chiyoda-ku Kudanminami",35.6940027,139.7535951
"restaurant_ 550",Izakaya,"Tōkyō-to Chiyoda-ku Kudanminami",35.6940027,139.7535951
"restaurant_ 551",Izakaya,"Fukuoka-ken Fukuoka-shi Torikai",33.5756863,130.3699764
"restaurant_ 552",Izakaya,"Fukuoka-ken Fukuoka-shi Torikai",33.5756863,130.3699764
"restaurant_ 553",Izakaya,"Tōkyō-to Nerima-ku Toyotamakita",35.7356234,139.6516577
"restaurant_ 554",Izakaya,"Tōkyō-to Nerima-ku Toyotamakita",35.7356234,139.6516577
"restaurant_ 555",Izakaya,"Tōkyō-to Taitō-ku Higashiueno",35.712607,139.7799956
"restaurant_ 556",Izakaya,"Tōkyō-to Taitō-ku Higashiueno",35.712607,139.7799956
"restaurant_ 557",Izakaya,"Tōkyō-to Taitō-ku Higashiueno",35.712607,139.7799956
"restaurant_ 558",Izakaya,"Tōkyō-to Fuchū-shi Miyanishichō",35.6689735,139.4776614
"restaurant_ 559",Izakaya,"Tōkyō-to Fuchū-shi Miyanishichō",35.6689735,139.4776614
"restaurant_ 560",Izakaya,"Shizuoka-ken Shizuoka-shi Ōtemachi",34.9751398,138.3832429
"restaurant_ 561",Izakaya,"Shizuoka-ken Shizuoka-shi Ōtemachi",34.9751398,138.3832429
"restaurant_ 562",Izakaya,"Shizuoka-ken Shizuoka-shi Ōtemachi",34.9751398,138.3832429
"restaurant_ 563",Izakaya,"Niigata-ken Nagaoka-shi Ōtedōri",37.4462652,138.8512772
"restaurant_ 564",Izakaya,"Niigata-ken Nagaoka-shi Ōtedōri",37.4462652,138.8512772
"restaurant_ 565",Izakaya,"Ōsaka-fu Ōsaka-shi Ōhiraki",34.6923371,135.4722289
"restaurant_ 566",Izakaya,"Ōsaka-fu Ōsaka-shi Ōhiraki",34.6923371,135.4722289
"restaurant_ 567",Izakaya,"Fukuoka-ken Fukuoka-shi Shiobaru",33.5615691,130.4264283
"restaurant_ 568",Izakaya,"Fukuoka-ken Fukuoka-shi Shiobaru",33.5615691,130.4264283
"restaurant_ 569",Izakaya,"Fukuoka-ken Fukuoka-shi Shiobaru",33.5615691,130.4264283
"restaurant_ 570",Izakaya,"Tōkyō-to Katsushika-ku Tateishi",35.7435748,139.8471797
"restaurant_ 571",Izakaya,"Tōkyō-to Katsushika-ku Tateishi",35.7435748,139.8471797
"restaurant_ 572",Izakaya,"Tōkyō-to Ōta-ku Kamiikedai",35.602201,139.6976891
"restaurant_ 573",Izakaya,"Tōkyō-to Ōta-ku Kamiikedai",35.602201,139.6976891
"restaurant_ 574",Izakaya,"Tōkyō-to Taitō-ku Asakusa",35.7118769,139.7966971
"restaurant_ 575",Izakaya,"Tōkyō-to Taitō-ku Asakusa",35.7118769,139.7966971
"restaurant_ 576",Izakaya,"Tōkyō-to Taitō-ku Asakusa",35.7118769,139.7966971
"restaurant_ 577",Izakaya,"Tōkyō-to Taitō-ku Asakusa",35.7118769,139.7966971
"restaurant_ 578",Izakaya,"Ōsaka-fu Higashiōsaka-shi Aramotokita",34.6793301,135.6010123
"restaurant_ 579",Izakaya,"Ōsaka-fu Higashiōsaka-shi Aramotokita",34.6793301,135.6010123
"restaurant_ 580",Izakaya,"Tōkyō-to Kōtō-ku Kameido",35.6995366,139.8265727
"restaurant_ 581",Izakaya,"Tōkyō-to Kōtō-ku Kameido",35.6995366,139.8265727
"restaurant_ 582",Izakaya,"Tōkyō-to Edogawa-ku Chūō",35.7066569,139.8684267
"restaurant_ 583",Izakaya,"Tōkyō-to Edogawa-ku Chūō",35.7066569,139.8684267
"restaurant_ 584",Izakaya,"Hiroshima-ken Fukuyama-shi Higashisakuramachi",34.4858993,133.3623127
"restaurant_ 585",Izakaya,"Hiroshima-ken Fukuyama-shi Higashisakuramachi",34.4858993,133.3623127
"restaurant_ 586",Izakaya,"Hiroshima-ken Fukuyama-shi Higashisakuramachi",34.4858993,133.3623127
"restaurant_ 587",Izakaya,"Hiroshima-ken Fukuyama-shi Higashisakuramachi",34.4858993,133.3623127
"restaurant_ 588",Izakaya,"Hiroshima-ken Fukuyama-shi Higashisakuramachi",34.4858993,133.3623127
"restaurant_ 589",Izakaya,"Tōkyō-to Setagaya-ku Sangenjaya",35.6429619,139.6700376
"restaurant_ 590",Izakaya,"Tōkyō-to Setagaya-ku Sangenjaya",35.6429619,139.6700376
"restaurant_ 591",Izakaya,"Tōkyō-to Toshima-ku Mejiro",35.7253002,139.6961875
"restaurant_ 592",Izakaya,"Tōkyō-to Toshima-ku Mejiro",35.7253002,139.6961875
"restaurant_ 593",Izakaya,"Hyōgo-ken Kōbe-shi Motomachidōri",34.6882414,135.1872537
"restaurant_ 594",Izakaya,"Hyōgo-ken Kōbe-shi Motomachidōri",34.6882414,135.1872537
"restaurant_ 595",Izakaya,"Hyōgo-ken Himeji-shi Yasuda",34.815149,134.6853528
"restaurant_ 596",Izakaya,"Hyōgo-ken Himeji-shi Yasuda",34.815149,134.6853528
"restaurant_ 597",Izakaya,"Hyōgo-ken Himeji-shi Yasuda",34.815149,134.6853528
"restaurant_ 598",Izakaya,"Hyōgo-ken Himeji-shi Yasuda",34.815149,134.6853528
"restaurant_ 599",Izakaya,"Hyōgo-ken Himeji-shi Yasuda",34.815149,134.6853528
"restaurant_ 600",Izakaya,"Tōkyō-to Shinagawa-ku Higashigotanda",35.6265683,139.7258581
"restaurant_ 601",Izakaya,"Tōkyō-to Shinagawa-ku Higashigotanda",35.6265683,139.7258581
"restaurant_ 602",Izakaya,"Hiroshima-ken Hiroshima-shi Nagarekawachō",34.3889694,132.4630947
"restaurant_ 603",Izakaya,"Hiroshima-ken Hiroshima-shi Nagarekawachō",34.3889694,132.4630947
"restaurant_ 604",Izakaya,"Fukuoka-ken Fukuoka-shi Imaizumi",33.5858162,130.3986935
"restaurant_ 605",Izakaya,"Fukuoka-ken Fukuoka-shi Imaizumi",33.5858162,130.3986935
"restaurant_ 606",Izakaya,"Ōsaka-fu Ōsaka-shi Nanbasennichimae",34.6647437,135.5034436
"restaurant_ 607",Izakaya,"Ōsaka-fu Ōsaka-shi Nanbasennichimae",34.6647437,135.5034436
"restaurant_ 608",Izakaya,"Tōkyō-to Chiyoda-ku Kanda Jinbōchō",35.6956944,139.7593864
"restaurant_ 609",Izakaya,"Tōkyō-to Chiyoda-ku Kanda Jinbōchō",35.6956944,139.7593864
"restaurant_ 610",Izakaya,"Hyōgo-ken Takarazuka-shi Tōyōchō",34.7997673,135.3600729
"restaurant_ 611",Izakaya,"Hyōgo-ken Takarazuka-shi Tōyōchō",34.7997673,135.3600729
"restaurant_ 612",Okonomiyaki/Monja/Teppanyaki,"Hyōgo-ken Kōbe-shi Kumoidōri",34.6951242,135.1978525
"restaurant_ 613",Okonomiyaki/Monja/Teppanyaki,"Hyōgo-ken Kōbe-shi Kumoidōri",34.6951242,135.1978525
"restaurant_ 614",Okonomiyaki/Monja/Teppanyaki,"Tōkyō-to Minato-ku Shibakōen",35.6580681,139.7515992
"restaurant_ 615",Okonomiyaki/Monja/Teppanyaki,"Tōkyō-to Minato-ku Shibakōen",35.6580681,139.7515992
"restaurant_ 616",Okonomiyaki/Monja/Teppanyaki,"Tōkyō-to Minato-ku Shibakōen",35.6580681,139.7515992
"restaurant_ 617",Okonomiyaki/Monja/Teppanyaki,"Ōsaka-fu Ōsaka-shi Ōgimachi",34.7053617,135.5100252
"restaurant_ 618",Okonomiyaki/Monja/Teppanyaki,"Ōsaka-fu Ōsaka-shi Ōgimachi",34.7053617,135.5100252
"restaurant_ 619",Okonomiyaki/Monja/Teppanyaki,"Tōkyō-to Shibuya-ku Shibuya",35.6617773,139.7040506
"restaurant_ 620",Okonomiyaki/Monja/Teppanyaki,"Tōkyō-to Shibuya-ku Shibuya",35.6617773,139.7040506
"restaurant_ 621",Okonomiyaki/Monja/Teppanyaki,"Hiroshima-ken Hiroshima-shi Kokutaijimachi",34.3862445,132.4550176
"restaurant_ 622",Okonomiyaki/Monja/Teppanyaki,"Hiroshima-ken Hiroshima-shi Kokutaijimachi",34.3862445,132.4550176
"restaurant_ 623",Okonomiyaki/Monja/Teppanyaki,"Hiroshima-ken Hiroshima-shi Kokutaijimachi",34.3862445,132.4550176
"restaurant_ 624",Okonomiyaki/Monja/Teppanyaki,"Ōsaka-fu Ōsaka-shi Kyūtarōmachi",34.6812614,135.5098009
"restaurant_ 625",Okonomiyaki/Monja/Teppanyaki,"Ōsaka-fu Ōsaka-shi Kyūtarōmachi",34.6812614,135.5098009
"restaurant_ 626",Bar/Cocktail,"Tōkyō-to Minato-ku Shibakōen",35.6580681,139.7515992
"restaurant_ 627",Bar/Cocktail,"Tōkyō-to Minato-ku Shibakōen",35.6580681,139.7515992
"restaurant_ 628",Bar/Cocktail,"Tōkyō-to Minato-ku Shibakōen",35.6580681,139.7515992
"restaurant_ 629",Bar/Cocktail,"Tōkyō-to Minato-ku Shibakōen",35.6580681,139.7515992
"restaurant_ 630",Bar/Cocktail,"Tōkyō-to Minato-ku Shibakōen",35.6580681,139.7515992
"restaurant_ 631",Bar/Cocktail,"Tōkyō-to Minato-ku Shibakōen",35.6580681,139.7515992
"restaurant_ 632",Bar/Cocktail,"Tōkyō-to Minato-ku Shibakōen",35.6580681,139.7515992
"restaurant_ 633",Bar/Cocktail,"Tōkyō-to Minato-ku Shibakōen",35.6580681,139.7515992
"restaurant_ 634",Bar/Cocktail,"Fukuoka-ken Fukuoka-shi Daimyō",33.5892157,130.3928134
"restaurant_ 635",Bar/Cocktail,"Fukuoka-ken Fukuoka-shi Daimyō",33.5892157,130.3928134
"restaurant_ 636",Bar/Cocktail,"Fukuoka-ken Fukuoka-shi Daimyō",33.5892157,130.3928134
"restaurant_ 637",Bar/Cocktail,"Fukuoka-ken Fukuoka-shi Daimyō",33.5892157,130.3928134
"restaurant_ 638",Bar/Cocktail,"Fukuoka-ken Fukuoka-shi Daimyō",33.5892157,130.3928134
"restaurant_ 639",Bar/Cocktail,"Fukuoka-ken Fukuoka-shi Daimyō",33.5892157,130.3928134
"restaurant_ 640",Bar/Cocktail,"Fukuoka-ken Fukuoka-shi Daimyō",33.5892157,130.3928134
"restaurant_ 641",Bar/Cocktail,"Tōkyō-to Setagaya-ku Setagaya",35.6465721,139.6532473
"restaurant_ 642",Bar/Cocktail,"Tōkyō-to Setagaya-ku Setagaya",35.6465721,139.6532473
"restaurant_ 643",Bar/Cocktail,"Tōkyō-to Setagaya-ku Setagaya",35.6465721,139.6532473
"restaurant_ 644",Bar/Cocktail,"Tōkyō-to Setagaya-ku Setagaya",35.6465721,139.6532473
"restaurant_ 645",Bar/Cocktail,"Hokkaidō Asahikawa-shi 6 Jōdōri",43.7706355,142.364819
"restaurant_ 646",Bar/Cocktail,"Hokkaidō Asahikawa-shi 6 Jōdōri",43.7706355,142.364819
"restaurant_ 647",Bar/Cocktail,"Hokkaidō Asahikawa-shi 6 Jōdōri",43.7706355,142.364819
"restaurant_ 648",Bar/Cocktail,"Hokkaidō Asahikawa-shi 6 Jōdōri",43.7706355,142.364819
"restaurant_ 649",Bar/Cocktail,"Tōkyō-to Shibuya-ku Shibuya",35.6617773,139.7040506
"restaurant_ 650",Bar/Cocktail,"Tōkyō-to Shibuya-ku Shibuya",35.6617773,139.7040506
"restaurant_ 651",Bar/Cocktail,"Tōkyō-to Shibuya-ku Shibuya",35.6617773,139.7040506
"restaurant_ 652",Bar/Cocktail,"Tōkyō-to Shibuya-ku Shibuya",35.6617773,139.7040506
"restaurant_ 653",Bar/Cocktail,"Tōkyō-to Shibuya-ku Shibuya",35.6617773,139.7040506
"restaurant_ 654",Bar/Cocktail,"Tōkyō-to Shibuya-ku Shibuya",35.6617773,139.7040506
"restaurant_ 655",Bar/Cocktail,"Tōkyō-to Shibuya-ku Shibuya",35.6617773,139.7040506
"restaurant_ 656",Bar/Cocktail,"Tōkyō-to Shibuya-ku Shibuya",35.6617773,139.7040506
"restaurant_ 657",Bar/Cocktail,"Hiroshima-ken Hiroshima-shi Kokutaijimachi",34.3862445,132.4550176
"restaurant_ 658",Bar/Cocktail,"Hiroshima-ken Hiroshima-shi Kokutaijimachi",34.3862445,132.4550176
"restaurant_ 659",Bar/Cocktail,"Tōkyō-to Chūō-ku Ginza",35.6721142,139.7708253
"restaurant_ 660",Bar/Cocktail,"Tōkyō-to Chūō-ku Ginza",35.6721142,139.7708253
"restaurant_ 661",Bar/Cocktail,"Tōkyō-to Chūō-ku Ginza",35.6721142,139.7708253
"restaurant_ 662",Bar/Cocktail,"Tōkyō-to Chūō-ku Ginza",35.6721142,139.7708253
"restaurant_ 663",Bar/Cocktail,"Tōkyō-to Shinjuku-ku Kabukichō",35.6938401,139.7035494
"restaurant_ 664",Bar/Cocktail,"Tōkyō-to Shinjuku-ku Kabukichō",35.6938401,139.7035494
"restaurant_ 665",Bar/Cocktail,"Tōkyō-to Shinjuku-ku Kabukichō",35.6938401,139.7035494
"restaurant_ 666",Bar/Cocktail,"Tōkyō-to Shinjuku-ku Kabukichō",35.6938401,139.7035494
"restaurant_ 667",Bar/Cocktail,"Tōkyō-to Shinjuku-ku Kabukichō",35.6938401,139.7035494
"restaurant_ 668",Bar/Cocktail,"Tōkyō-to Shinjuku-ku Kabukichō",35.6938401,139.7035494
"restaurant_ 669",Bar/Cocktail,"Fukuoka-ken Fukuoka-shi Hakata Ekimae",33.5913576,130.4148783
"restaurant_ 670",Bar/Cocktail,"Fukuoka-ken Fukuoka-shi Hakata Ekimae",33.5913576,130.4148783
"restaurant_ 671",Bar/Cocktail,"Miyagi-ken Sendai-shi Kamisugi",38.2690761,140.8704029
"restaurant_ 672",Bar/Cocktail,"Miyagi-ken Sendai-shi Kamisugi",38.2690761,140.8704029
"restaurant_ 673",Bar/Cocktail,"Hokkaidō Sapporo-shi Minami 3 Jōnishi",43.0554601,141.3409556
"restaurant_ 674",Bar/Cocktail,"Hokkaidō Sapporo-shi Minami 3 Jōnishi",43.0554601,141.3409556
"restaurant_ 675",Bar/Cocktail,"Hokkaidō Sapporo-shi Minami 3 Jōnishi",43.0554601,141.3409556
"restaurant_ 676",Bar/Cocktail,"Hokkaidō Sapporo-shi Minami 3 Jōnishi",43.0554601,141.3409556
"restaurant_ 677",Bar/Cocktail,"Tōkyō-to Chūō-ku Tsukiji",35.6706505,139.7718614
"restaurant_ 678",Bar/Cocktail,"Tōkyō-to Chūō-ku Tsukiji",35.6706505,139.7718614
"restaurant_ 679",Bar/Cocktail,"Tōkyō-to Chiyoda-ku Kudanminami",35.6940027,139.7535951
"restaurant_ 680",Bar/Cocktail,"Tōkyō-to Chiyoda-ku Kudanminami",35.6940027,139.7535951
"restaurant_ 681",Bar/Cocktail,"Tōkyō-to Toshima-ku Minamiikebukuro",35.7261178,139.7166049
"restaurant_ 682",Bar/Cocktail,"Tōkyō-to Toshima-ku Minamiikebukuro",35.7261178,139.7166049
"restaurant_ 683",Bar/Cocktail,"Tōkyō-to Toshima-ku Minamiikebukuro",35.7261178,139.7166049
"restaurant_ 684",Bar/Cocktail,"Ōsaka-fu Ōsaka-shi Kyūtarōmachi",34.6812614,135.5098009
"restaurant_ 685",Bar/Cocktail,"Ōsaka-fu Ōsaka-shi Kyūtarōmachi",34.6812614,135.5098009
"restaurant_ 686",Bar/Cocktail,"Tōkyō-to Shibuya-ku Dōgenzaka",35.6593968,139.6964402
"restaurant_ 687",Bar/Cocktail,"Tōkyō-to Shibuya-ku Dōgenzaka",35.6593968,139.6964402
"restaurant_ 688",Bar/Cocktail,"Tōkyō-to Nakano-ku Nakano",35.7073985,139.6638354
"restaurant_ 689",Bar/Cocktail,"Tōkyō-to Nakano-ku Nakano",35.7073985,139.6638354
"restaurant_ 690",Bar/Cocktail,"Tōkyō-to Toshima-ku Higashiikebukuro",35.7262319,139.7232404
"restaurant_ 691",Bar/Cocktail,"Tōkyō-to Toshima-ku Higashiikebukuro",35.7262319,139.7232404
"restaurant_ 692",Bar/Cocktail,"Tōkyō-to Toshima-ku Higashiikebukuro",35.7262319,139.7232404
"restaurant_ 693",Bar/Cocktail,"Tōkyō-to Toshima-ku Nishiikebukuro",35.7322863,139.710247
"restaurant_ 694",Bar/Cocktail,"Tōkyō-to Toshima-ku Nishiikebukuro",35.7322863,139.710247
"restaurant_ 695",Bar/Cocktail,"Tōkyō-to Shinjuku-ku Nishishinjuku",35.6921398,139.6854735
"restaurant_ 696",Bar/Cocktail,"Tōkyō-to Shinjuku-ku Nishishinjuku",35.6921398,139.6854735
"restaurant_ 697",Bar/Cocktail,"Tōkyō-to Nakano-ku Nakano",35.7081457,139.666288
"restaurant_ 698",Bar/Cocktail,"Tōkyō-to Nakano-ku Nakano",35.7081457,139.666288
"restaurant_ 699",Bar/Cocktail,"Ōsaka-fu Neyagawa-shi Honmachi",34.7660929,135.6280998
"restaurant_ 700",Bar/Cocktail,"Ōsaka-fu Neyagawa-shi Honmachi",34.7660929,135.6280998
"restaurant_ 701",Bar/Cocktail,"Tōkyō-to Minato-ku Roppongi",35.6641222,139.729426
"restaurant_ 702",Bar/Cocktail,"Tōkyō-to Minato-ku Roppongi",35.6641222,139.729426
"restaurant_ 703",Bar/Cocktail,"Tōkyō-to Toshima-ku Minamiikebukuro",35.7248234,139.7159634
"restaurant_ 704",Bar/Cocktail,"Tōkyō-to Toshima-ku Minamiikebukuro",35.7248234,139.7159634
"restaurant_ 705","Japanese food","Tōkyō-to Minato-ku Shibakōen",35.6580681,139.7515992
"restaurant_ 706","Japanese food","Tōkyō-to Minato-ku Shibakōen",35.6580681,139.7515992
"restaurant_ 707","Japanese food","Tōkyō-to Minato-ku Shibakōen",35.6580681,139.7515992
"restaurant_ 708","Japanese food","Tōkyō-to Minato-ku Shibakōen",35.6580681,139.7515992
"restaurant_ 709","Japanese food","Tōkyō-to Minato-ku Shibakōen",35.6580681,139.7515992
"restaurant_ 710","Japanese food","Tōkyō-to Minato-ku Shibakōen",35.6580681,139.7515992
"restaurant_ 711","Japanese food","Tōkyō-to Minato-ku Shibakōen",35.6580681,139.7515992
"restaurant_ 712","Japanese food","Fukuoka-ken Fukuoka-shi Daimyō",33.5892157,130.3928134
"restaurant_ 713","Japanese food","Fukuoka-ken Fukuoka-shi Daimyō",33.5892157,130.3928134
"restaurant_ 714","Japanese food","Fukuoka-ken Fukuoka-shi Daimyō",33.5892157,130.3928134
"restaurant_ 715","Japanese food","Tōkyō-to Setagaya-ku Setagaya",35.6465721,139.6532473
"restaurant_ 716","Japanese food","Tōkyō-to Setagaya-ku Setagaya",35.6465721,139.6532473
"restaurant_ 717","Japanese food","Tōkyō-to Setagaya-ku Setagaya",35.6465721,139.6532473
"restaurant_ 718","Japanese food","Tōkyō-to Shibuya-ku Shibuya",35.6617773,139.7040506
"restaurant_ 719","Japanese food","Tōkyō-to Shibuya-ku Shibuya",35.6617773,139.7040506
"restaurant_ 720","Japanese food","Tōkyō-to Suginami-ku Asagayaminami",35.6995657,139.6364379
"restaurant_ 721","Japanese food","Tōkyō-to Suginami-ku Asagayaminami",35.6995657,139.6364379
"restaurant_ 722","Japanese food","Hiroshima-ken Hiroshima-shi Kokutaijimachi",34.3862445,132.4550176
"restaurant_ 723","Japanese food","Hiroshima-ken Hiroshima-shi Kokutaijimachi",34.3862445,132.4550176
"restaurant_ 724","Japanese food","Hiroshima-ken Hiroshima-shi Kokutaijimachi",34.3862445,132.4550176
"restaurant_ 725","Japanese food","Niigata-ken Niigata-shi Gakkōchōdōri 1 Banchō",37.9163674,139.0363265
"restaurant_ 726","Japanese food","Niigata-ken Niigata-shi Gakkōchōdōri 1 Banchō",37.9163674,139.0363265
"restaurant_ 727","Japanese food","Niigata-ken Niigata-shi Gakkōchōdōri 1 Banchō",37.9163674,139.0363265
"restaurant_ 728","Japanese food","Hokkaidō Sapporo-shi Minami 3 Jōnishi",43.0568187,141.3539573
"restaurant_ 729","Japanese food","Hokkaidō Sapporo-shi Minami 3 Jōnishi",43.0568187,141.3539573
"restaurant_ 730","Japanese food","Tōkyō-to Chūō-ku Ginza",35.6721142,139.7708253
"restaurant_ 731","Japanese food","Tōkyō-to Chūō-ku Ginza",35.6721142,139.7708253
"restaurant_ 732","Japanese food","Tōkyō-to Shinjuku-ku Kabukichō",35.6938401,139.7035494
"restaurant_ 733","Japanese food","Tōkyō-to Shinjuku-ku Kabukichō",35.6938401,139.7035494
"restaurant_ 734","Japanese food","Tōkyō-to Shinjuku-ku Kabukichō",35.6938401,139.7035494
"restaurant_ 735","Japanese food","Tōkyō-to Shinjuku-ku Kabukichō",35.6938401,139.7035494
"restaurant_ 736","Japanese food","Fukuoka-ken Fukuoka-shi Hakata Ekimae",33.5913576,130.4148783
"restaurant_ 737","Japanese food","Fukuoka-ken Fukuoka-shi Hakata Ekimae",33.5913576,130.4148783
"restaurant_ 738","Japanese food","Miyagi-ken Sendai-shi Kamisugi",38.2690761,140.8704029
"restaurant_ 739","Japanese food","Miyagi-ken Sendai-shi Kamisugi",38.2690761,140.8704029
"restaurant_ 740","Japanese food","Hokkaidō Sapporo-shi Minami 3 Jōnishi",43.0554601,141.3409556
"restaurant_ 741","Japanese food","Hokkaidō Sapporo-shi Minami 3 Jōnishi",43.0554601,141.3409556
"restaurant_ 742","Japanese food","Tōkyō-to Chūō-ku Tsukiji",35.6706505,139.7718614
"restaurant_ 743","Japanese food","Tōkyō-to Chūō-ku Tsukiji",35.6706505,139.7718614
"restaurant_ 744","Japanese food","Tōkyō-to Chūō-ku Tsukiji",35.6706505,139.7718614
"restaurant_ 745","Japanese food","Tōkyō-to Chūō-ku Tsukiji",35.6706505,139.7718614
"restaurant_ 746","Japanese food","Tōkyō-to Chūō-ku Tsukiji",35.6706505,139.7718614
"restaurant_ 747","Japanese food","Tōkyō-to Chiyoda-ku Kudanminami",35.6940027,139.7535951
"restaurant_ 748","Japanese food","Tōkyō-to Chiyoda-ku Kudanminami",35.6940027,139.7535951
"restaurant_ 749","Japanese food","Fukuoka-ken Fukuoka-shi Momochi",33.5819411,130.3484363
"restaurant_ 750","Japanese food","Fukuoka-ken Fukuoka-shi Momochi",33.5819411,130.3484363
"restaurant_ 751","Japanese food","Tōkyō-to Taitō-ku Higashiueno",35.712607,139.7799956
"restaurant_ 752","Japanese food","Tōkyō-to Taitō-ku Higashiueno",35.712607,139.7799956
"restaurant_ 753","Japanese food","Tōkyō-to Taitō-ku Higashiueno",35.712607,139.7799956
"restaurant_ 754","Japanese food","Tōkyō-to Taitō-ku Higashiueno",35.712607,139.7799956
"restaurant_ 755","Japanese food","Fukuoka-ken Kitakyūshū-shi Ōtemachi",33.8808817,130.8734191
"restaurant_ 756","Japanese food","Fukuoka-ken Kitakyūshū-shi Ōtemachi",33.8808817,130.8734191
"restaurant_ 757","Japanese food","Tōkyō-to Toshima-ku Minamiikebukuro",35.7261178,139.7166049
"restaurant_ 758","Japanese food","Tōkyō-to Toshima-ku Minamiikebukuro",35.7261178,139.7166049
"restaurant_ 759","Japanese food","Tōkyō-to Toshima-ku Minamiikebukuro",35.7261178,139.7166049
"restaurant_ 760","Japanese food","Tōkyō-to Shinagawa-ku Hiromachi",35.6092261,139.7301861
"restaurant_ 761","Japanese food","Tōkyō-to Shinagawa-ku Hiromachi",35.6092261,139.7301861
"restaurant_ 762","Japanese food","Fukuoka-ken Yame-shi Motomachi",33.2119674,130.5579082
"restaurant_ 763","Japanese food","Fukuoka-ken Yame-shi Motomachi",33.2119674,130.5579082
"restaurant_ 764","Japanese food","Tōkyō-to Edogawa-ku Chūō",35.7066569,139.8684267
"restaurant_ 765","Japanese food","Tōkyō-to Edogawa-ku Chūō",35.7066569,139.8684267
"restaurant_ 766","Japanese food","Hyōgo-ken Himeji-shi Yasuda",34.815149,134.6853528
"restaurant_ 767","Japanese food","Hyōgo-ken Himeji-shi Yasuda",34.815149,134.6853528
"restaurant_ 768","Creative cuisine","Fukuoka-ken Fukuoka-shi Daimyō",33.5892157,130.3928134
"restaurant_ 769","Creative cuisine","Fukuoka-ken Fukuoka-shi Daimyō",33.5892157,130.3928134
"restaurant_ 770","Creative cuisine","Tōkyō-to Shinjuku-ku Kabukichō",35.6938401,139.7035494
"restaurant_ 771","Creative cuisine","Tōkyō-to Shinjuku-ku Kabukichō",35.6938401,139.7035494
"restaurant_ 772","Creative cuisine","Tōkyō-to Shinjuku-ku Kabukichō",35.6938401,139.7035494
"restaurant_ 773","Creative cuisine","Ōsaka-fu Ōsaka-shi Shinmachi",34.6762311,135.4860587
"restaurant_ 774","Creative cuisine","Ōsaka-fu Ōsaka-shi Shinmachi",34.6762311,135.4860587
"restaurant_ 775","Creative cuisine","Tōkyō-to Nakano-ku Nakano",35.7073985,139.6638354
"restaurant_ 776","Creative cuisine","Tōkyō-to Nakano-ku Nakano",35.7073985,139.6638354
"restaurant_ 777","Creative cuisine","Hyōgo-ken Nishinomiya-shi Rokutanjichō",34.7375965,135.3415643
"restaurant_ 778","Creative cuisine","Hyōgo-ken Nishinomiya-shi Rokutanjichō",34.7375965,135.3415643
"restaurant_ 779","Creative cuisine","Hyōgo-ken Himeji-shi Yasuda",34.815149,134.6853528
"restaurant_ 780","Creative cuisine","Hyōgo-ken Himeji-shi Yasuda",34.815149,134.6853528
"restaurant_ 781",Other,"Fukuoka-ken Fukuoka-shi Daimyō",33.5892157,130.3928134
"restaurant_ 782",Other,"Fukuoka-ken Fukuoka-shi Daimyō",33.5892157,130.3928134
"restaurant_ 783",Other,"Fukuoka-ken Fukuoka-shi Daimyō",33.5892157,130.3928134
"restaurant_ 784",Other,"Tōkyō-to Setagaya-ku Setagaya",35.6465721,139.6532473
"restaurant_ 785",Other,"Tōkyō-to Setagaya-ku Setagaya",35.6465721,139.6532473
"restaurant_ 786",Other,"Tōkyō-to Setagaya-ku Setagaya",35.6465721,139.6532473
"restaurant_ 787",Other,"Ōsaka-fu Ōsaka-shi Ōgimachi",34.7053617,135.5100252
"restaurant_ 788",Other,"Ōsaka-fu Ōsaka-shi Ōgimachi",34.7053617,135.5100252
"restaurant_ 789",Other,"Tōkyō-to Shibuya-ku Shibuya",35.6617773,139.7040506
"restaurant_ 790",Other,"Tōkyō-to Shibuya-ku Shibuya",35.6617773,139.7040506
"restaurant_ 791",Other,"Tōkyō-to Shibuya-ku Shibuya",35.6617773,139.7040506
"restaurant_ 792",Other,"Tōkyō-to Suginami-ku Asagayaminami",35.6995657,139.6364379
"restaurant_ 793",Other,"Tōkyō-to Suginami-ku Asagayaminami",35.6995657,139.6364379
"restaurant_ 794",Other,"Tōkyō-to Meguro-ku Kamimeguro",35.6414629,139.6981712
"restaurant_ 795",Other,"Tōkyō-to Meguro-ku Kamimeguro",35.6414629,139.6981712
"restaurant_ 796",Other,"Fukuoka-ken Fukuoka-shi Hakata Ekimae",33.5913576,130.4148783
"restaurant_ 797",Other,"Fukuoka-ken Fukuoka-shi Hakata Ekimae",33.5913576,130.4148783
"restaurant_ 798",Other,"Shizuoka-ken Hamamatsu-shi Motoshirochō",34.7108955,137.7259397
"restaurant_ 799",Other,"Shizuoka-ken Hamamatsu-shi Motoshirochō",34.7108955,137.7259397
"restaurant_ 800",Other,"Tōkyō-to Taitō-ku Higashiueno",35.712607,139.7799956
"restaurant_ 801",Other,"Tōkyō-to Taitō-ku Higashiueno",35.712607,139.7799956
"restaurant_ 802",Other,"Ōsaka-fu Ōsaka-shi Kyōmachibori",34.6876966,135.4954131
"restaurant_ 803",Other,"Ōsaka-fu Ōsaka-shi Kyōmachibori",34.6876966,135.4954131
"restaurant_ 804",Other,"Tōkyō-to Bunkyō-ku Kasuga",35.7080677,139.752167
"restaurant_ 805",Other,"Tōkyō-to Bunkyō-ku Kasuga",35.7080677,139.752167
"restaurant_ 806",Other,"Tōkyō-to Shibuya-ku Higashi",35.6532174,139.7110363
"restaurant_ 807",Other,"Tōkyō-to Shibuya-ku Higashi",35.6532174,139.7110363
"restaurant_ 808","Western food","Tōkyō-to Shibuya-ku Shibuya",35.6617773,139.7040506
"restaurant_ 809","Western food","Tōkyō-to Shibuya-ku Shibuya",35.6617773,139.7040506
"restaurant_ 810","Western food","Tōkyō-to Shibuya-ku Shibuya",35.6617773,139.7040506
"restaurant_ 811","Western food","Tōkyō-to Shibuya-ku Shibuya",35.6617773,139.7040506
"restaurant_ 812","Western food","Tōkyō-to Suginami-ku Asagayaminami",35.6995657,139.6364379
"restaurant_ 813","Western food","Tōkyō-to Suginami-ku Asagayaminami",35.6995657,139.6364379
"restaurant_ 814","Western food","Tōkyō-to Suginami-ku Asagayaminami",35.6995657,139.6364379
"restaurant_ 815","Western food","Hokkaidō Sapporo-shi Minami 3 Jōnishi",43.0554601,141.3409556
"restaurant_ 816","Western food","Hokkaidō Sapporo-shi Minami 3 Jōnishi",43.0554601,141.3409556
"restaurant_ 817","Western food","Tōkyō-to Chūō-ku Tsukiji",35.6706505,139.7718614
"restaurant_ 818","Western food","Tōkyō-to Chūō-ku Tsukiji",35.6706505,139.7718614
"restaurant_ 819","Western food","Tōkyō-to Chūō-ku Tsukiji",35.6706505,139.7718614
"restaurant_ 820","Western food","Tōkyō-to Itabashi-ku Itabashi",35.7511648,139.7092437
"restaurant_ 821","Western food","Tōkyō-to Itabashi-ku Itabashi",35.7511648,139.7092437
"restaurant_ 822","Western food","Tōkyō-to Chiyoda-ku Kudanminami",35.6940027,139.7535951
"restaurant_ 823","Western food","Tōkyō-to Chiyoda-ku Kudanminami",35.6940027,139.7535951
"restaurant_ 824","International cuisine","Tōkyō-to Shibuya-ku Shibuya",35.6617773,139.7040506
"restaurant_ 825","International cuisine","Tōkyō-to Shibuya-ku Shibuya",35.6617773,139.7040506
"restaurant_ 826",Asian,"Tōkyō-to Shibuya-ku Shibuya",35.6617773,139.7040506
"restaurant_ 827",Asian,"Tōkyō-to Shibuya-ku Shibuya",35.6617773,139.7040506
"restaurant_ 828",Karaoke/Party,"Hokkaidō Sapporo-shi Minami 3 Jōnishi",43.0554601,141.3409556
"restaurant_ 829",Karaoke/Party,"Hokkaidō Sapporo-shi Minami 3 Jōnishi",43.0554601,141.3409556
